{"providers":[{"file":"char/black.png","chars":[""],"height":1,"ascent":-5000,"type":"bitmap"},{"file":"char/black.png","chars":[""],"height":2,"ascent":-5000,"type":"bitmap"},{"file":"char/black.png","chars":[""],"height":3,"ascent":-5000,"type":"bitmap"},{"file":"char/black.png","chars":[""],"height":4,"ascent":-5000,"type":"bitmap"},{"file":"char/black.png","chars":[""],"height":5,"ascent":-5000,"type":"bitmap"},{"file":"char/black.png","chars":[""],"height":6,"ascent":-5000,"type":"bitmap"},{"file":"char/black.png","chars":[""],"height":7,"ascent":-5000,"type":"bitmap"},{"file":"char/black.png","chars":[""],"height":15,"ascent":-5000,"type":"bitmap"},{"file":"char/black.png","chars":[""],"height":31,"ascent":-5000,"type":"bitmap"},{"file":"char/black.png","chars":[""],"height":63,"ascent":-5000,"type":"bitmap"},{"file":"char/black.png","chars":[""],"height":127,"ascent":-5000,"type":"bitmap"},{"file":"char/black.png","chars":[""],"height":256,"ascent":-5000,"type":"bitmap"},{"file":"char/black.png","chars":[""],"height":512,"ascent":-5000,"type":"bitmap"},{"file":"char/black.png","chars":[""],"height":1024,"ascent":-5000,"type":"bitmap"},{"file":"char/black.png","chars":[""],"height":-3,"ascent":-5000,"type":"bitmap"},{"file":"char/black.png","chars":[""],"height":-4,"ascent":-5000,"type":"bitmap"},{"file":"char/black.png","chars":[""],"height":-5,"ascent":-5000,"type":"bitmap"},{"file":"char/black.png","chars":[""],"height":-6,"ascent":-5000,"type":"bitmap"},{"file":"char/black.png","chars":[""],"height":-7,"ascent":-5000,"type":"bitmap"},{"file":"char/black.png","chars":[""],"height":-8,"ascent":-5000,"type":"bitmap"},{"file":"char/black.png","chars":[""],"height":-9,"ascent":-5000,"type":"bitmap"},{"file":"char/black.png","chars":[""],"height":-10,"ascent":-5000,"type":"bitmap"},{"file":"char/black.png","chars":[""],"height":-18,"ascent":-5000,"type":"bitmap"},{"file":"char/black.png","chars":[""],"height":-34,"ascent":-5000,"type":"bitmap"},{"file":"char/black.png","chars":[""],"height":-66,"ascent":-5000,"type":"bitmap"},{"file":"char/black.png","chars":[""],"height":-130,"ascent":-5000,"type":"bitmap"},{"file":"char/black.png","chars":[""],"height":-259,"ascent":-5000,"type":"bitmap"},{"file":"char/black.png","chars":[""],"height":-515,"ascent":-5000,"type":"bitmap"},{"file":"char/black.png","chars":[""],"height":-1027,"ascent":-5000,"type":"bitmap"},{"file":"hyronic_sur:hyronic_sur/abilities/warden_blessing.png","chars":["ｪ"],"height":10,"ascent":9,"type":"bitmap"},{"file":"hyronic_sur:hyronic_sur/abilities/doomslayer.png","chars":["ｦ"],"height":10,"ascent":9,"type":"bitmap"},{"file":"hyronic_sur:hyronic_sur/abilities/tradeoff.png","chars":["ｧ"],"height":10,"ascent":9,"type":"bitmap"},{"file":"hyronic_sur:hyronic_sur/abilities/reposition.png","chars":["ｨ"],"height":10,"ascent":9,"type":"bitmap"},{"file":"hyronic_sur:hyronic_sur/abilities/frail_hex.png","chars":["ｩ"],"height":10,"ascent":9,"type":"bitmap"},{"file":"hyronic_sur:hyronic_sur/abilities/firelord.png","chars":["ｫ"],"height":10,"ascent":9,"type":"bitmap"},{"file":"hyronic_sur:hyronic_sur/abilities/mystic_burst.png","chars":["ロ"],"height":10,"ascent":9,"type":"bitmap"},{"file":"hyronic_sur:hyronic_sur/abilities/banish.png","chars":["ｭ"],"height":10,"ascent":9,"type":"bitmap"},{"file":"hyronic_sur:hyronic_sur/abilities/living_flames.png","chars":["ｮ"],"height":10,"ascent":9,"type":"bitmap"},{"file":"hyronic_sur:hyronic_sur/abilities/evade.png","chars":["ｯ"],"height":10,"ascent":9,"type":"bitmap"},{"file":"hyronic_sur:hyronic_sur/abilities/focus.png","chars":["ｰ"],"height":10,"ascent":9,"type":"bitmap"},{"file":"hyronic_sur:hyronic_sur/abilities/necromancy.png","chars":["ｱ"],"height":10,"ascent":9,"type":"bitmap"},{"file":"hyronic_sur:hyronic_sur/abilities/deep_wound.png","chars":["ヅ"],"height":10,"ascent":9,"type":"bitmap"},{"file":"hyronic_sur:hyronic_sur/abilities/cosmic_ally.png","chars":["テ"],"height":10,"ascent":9,"type":"bitmap"},{"file":"hyronic_sur:hyronic_sur/abilities/ice_spikes.png","chars":["ぁ"],"height":10,"ascent":9,"type":"bitmap"},{"file":"hyronic_sur:hyronic_sur/abilities/frosty_trusty.png","chars":["だ"],"height":10,"ascent":9,"type":"bitmap"},{"file":"hyronic_sur:hyronic_sur/abilities/doppelganger.png","chars":["デ"],"height":10,"ascent":9,"type":"bitmap"},{"file":"hyronic_sur:hyronic_sur/abilities/adaptive.png","chars":["ヱ"],"height":10,"ascent":9,"type":"bitmap"},{"file":"hyronic_sur:hyronic_sur/abilities/calamitous_ray.png","chars":["ヰ"],"height":10,"ascent":9,"type":"bitmap"},{"file":"hyronic_sur:hyronic_sur/abilities/retribution.png","chars":["レ"],"height":10,"ascent":9,"type":"bitmap"},{"file":"hyronic_sur:hyronic_sur/abilities/voidborne.png","chars":["ポ"],"height":10,"ascent":9,"type":"bitmap"},{"file":"hyronic_sur:hyronic_sur/abilities/ritual_of_the_end.png","chars":["ヷ"],"height":10,"ascent":9,"type":"bitmap"},{"file":"hyronic_sur:hyronic_sur/abilities/matching_attires.png","chars":["ヸ"],"height":10,"ascent":9,"type":"bitmap"},{"file":"hyronic_sur:hyronic_sur/abilities/radiation.png","chars":["ヹ"],"height":10,"ascent":9,"type":"bitmap"},{"file":"hyronic_sur:hyronic_sur/abilities/toxic_fumes.png","chars":["ఖ"],"height":10,"ascent":9,"type":"bitmap"},{"file":"hyronic_sur:hyronic_sur/abilities/bloodthirst.png","chars":["వ"],"height":10,"ascent":9,"type":"bitmap"},{"file":"hyronic_sur:hyronic_sur/abilities/celestial_aid.png","chars":["శ"],"height":10,"ascent":9,"type":"bitmap"},{"file":"hyronic_sur:hyronic_sur/abilities/chance_dictator.png","chars":["ష"],"height":10,"ascent":9,"type":"bitmap"},{"file":"hyronic_sur:hyronic_sur/abilities/cobra_curse.png","chars":["స"],"height":10,"ascent":9,"type":"bitmap"},{"file":"hyronic_sur:hyronic_sur/abilities/essence_theft.png","chars":["హ"],"height":10,"ascent":9,"type":"bitmap"},{"file":"hyronic_sur:hyronic_sur/abilities/grasp.png","chars":["఼"],"height":10,"ascent":9,"type":"bitmap"},{"file":"hyronic_sur:hyronic_sur/abilities/starborne_conversion.png","chars":["఻"],"height":10,"ascent":9,"type":"bitmap"},{"file":"hyronic_sur:hyronic_sur/abilities/ice_reaper.png","chars":["ఽ"],"height":10,"ascent":9,"type":"bitmap"},{"file":"hyronic_sur:hyronic_sur/abilities/ice_reaper.png","chars":["ా"],"height":10,"ascent":9,"type":"bitmap"},{"file":"hyronic_sur:hyronic_sur/interface/onscreen_ui/location.png","chars":["ン"],"height":11,"ascent":8,"type":"bitmap"},{"file":"hyronic_sur:hyronic_sur/interface/onscreen_ui/level.png","chars":["ヲ"],"height":11,"ascent":8,"type":"bitmap"},{"file":"hyronic_sur:hyronic_sur/interface/onscreen_ui/left_click.png","chars":["㊋"],"height":10,"ascent":9,"type":"bitmap"},{"file":"hyronic_sur:hyronic_sur/interface/onscreen_ui/right_click.png","chars":["㊌"],"height":10,"ascent":9,"type":"bitmap"},{"file":"hyronic_sur:hyronic_sur/interface/onscreen_ui/mid_click.png","chars":["㊍"],"height":10,"ascent":9,"type":"bitmap"},{"file":"hyronic_sur:hyronic_sur/interface/onscreen_ui/hyron.png","chars":["ௗ"],"height":10,"ascent":9,"type":"bitmap"},{"file":"hyronic_sur:hyronic_sur/interface/onscreen_ui/hyron.png","chars":["௘"],"height":15,"ascent":11,"type":"bitmap"},{"file":"hyronic_sur:hyronic_sur/interface/onscreen_ui/coins.png","chars":["௙"],"height":15,"ascent":10,"type":"bitmap"},{"file":"hyronic_sur:hyronic_sur/interface/onscreen_ui/coins.png","chars":["㊎"],"height":7,"ascent":7,"type":"bitmap"},{"file":"hyronic_sur:hyronic_sur/interface/onscreen_ui/talk.png","chars":["௚"],"height":10,"ascent":9,"type":"bitmap"},{"file":"hyronic_sur:hyronic_sur/interface/onscreen_ui/tips.png","chars":["௜"],"height":8,"ascent":7,"type":"bitmap"},{"file":"hyronic_sur:hyronic_sur/interface/onscreen_ui/join.png","chars":["௞"],"height":10,"ascent":8,"type":"bitmap"},{"file":"hyronic_sur:hyronic_sur/interface/onscreen_ui/notify.png","chars":["௟"],"height":10,"ascent":8,"type":"bitmap"},{"file":"hyronic_sur:hyronic_sur/interface/gui_textures/blacksmith/prefix.png","chars":["オ"],"height":12,"ascent":9,"type":"bitmap"},{"file":"hyronic_sur:hyronic_sur/interface/gui_textures/blacksmith/upgrade.png","chars":["ォ"],"height":12,"ascent":9,"type":"bitmap"},{"file":"hyronic_sur:hyronic_sur/interface/onscreen_ui/coins.png","chars":["௣"],"height":8,"ascent":7,"type":"bitmap"},{"file":"hyronic_sur:hyronic_sur/logo.png","chars":["パ"],"height":32,"ascent":17,"type":"bitmap"},{"file":"hyronic_sur:hyronic_sur/logo.png","chars":["ヒ"],"height":50,"ascent":22,"type":"bitmap"},{"file":"hyronic_sur:hyronic_sur/esc_banner.png","chars":["田"],"height":74,"ascent":10,"type":"bitmap"},{"file":"hyronic_sur:hyronic_sur/interface/gui_textures/codex/ravenna.png","chars":["ྦྷ"],"height":13,"ascent":11,"type":"bitmap"},{"file":"hyronic_sur:hyronic_sur/interface/gui_textures/codex/the_null.png","chars":["ྥ"],"height":13,"ascent":11,"type":"bitmap"},{"file":"hyronic_sur:hyronic_sur/interface/gui_textures/codex/blasphemy.png","chars":["ྦ"],"height":13,"ascent":11,"type":"bitmap"},{"file":"hyronic_sur:hyronic_sur/interface/gui_textures/codex/titanium_golem.png","chars":["ྨ"],"height":13,"ascent":11,"type":"bitmap"},{"file":"hyronic_sur:hyronic_sur/interface/npc_avatars/1.png","chars":["ま"],"height":46,"ascent":9,"type":"bitmap"},{"file":"hyronic_sur:hyronic_sur/interface/npc_avatars/2.png","chars":["ゐ"],"height":46,"ascent":9,"type":"bitmap"},{"file":"hyronic_sur:hyronic_sur/interface/npc_avatars/3.png","chars":["ん"],"height":46,"ascent":9,"type":"bitmap"},{"file":"hyronic_sur:hyronic_sur/interface/npc_avatars/4.png","chars":["゠"],"height":46,"ascent":9,"type":"bitmap"},{"file":"hyronic_sur:hyronic_sur/interface/npc_avatars/5.png","chars":["エ"],"height":46,"ascent":9,"type":"bitmap"},{"file":"hyronic_sur:hyronic_sur/interface/npc_avatars/6.png","chars":["ウ"],"height":46,"ascent":9,"type":"bitmap"},{"file":"hyronic_sur:hyronic_sur/interface/npc_avatars/7.png","chars":["ェ"],"height":46,"ascent":9,"type":"bitmap"},{"file":"hyronic_sur:hyronic_sur/interface/npc_avatars/8.png","chars":["ゥ"],"height":46,"ascent":9,"type":"bitmap"},{"file":"hyronic_sur:hyronic_sur/interface/npc_avatars/9.png","chars":["ぐ"],"height":46,"ascent":9,"type":"bitmap"},{"file":"hyronic_sur:hyronic_sur/interface/npc_avatars/10.png","chars":["く"],"height":46,"ascent":9,"type":"bitmap"},{"file":"hyronic_sur:hyronic_sur/interface/npc_avatars/11.png","chars":["ヾ"],"height":46,"ascent":9,"type":"bitmap"},{"file":"hyronic_sur:hyronic_sur/interface/npc_avatars/12.png","chars":["ヺ"],"height":46,"ascent":9,"type":"bitmap"},{"file":"hyronic_sur:hyronic_sur/interface/npc_avatars/13.png","chars":["క"],"height":46,"ascent":9,"type":"bitmap"},{"file":"hyronic_sur:hyronic_sur/interface/npc_avatars/14.png","chars":["ఝ"],"height":46,"ascent":9,"type":"bitmap"},{"file":"hyronic_sur:hyronic_sur/labels/player_ranks/rank_stone.png","chars":["ி"],"height":14,"ascent":7,"type":"bitmap"},{"file":"hyronic_sur:hyronic_sur/labels/player_ranks/rank_iron.png","chars":["ீ"],"height":14,"ascent":7,"type":"bitmap"},{"file":"hyronic_sur:hyronic_sur/labels/player_ranks/rank_gold.png","chars":["ு"],"height":14,"ascent":7,"type":"bitmap"},{"file":"hyronic_sur:hyronic_sur/labels/player_ranks/rank_redstone.png","chars":["ூ"],"height":14,"ascent":7,"type":"bitmap"},{"file":"hyronic_sur:hyronic_sur/labels/player_ranks/rank_diamond.png","chars":["௃"],"height":14,"ascent":7,"type":"bitmap"},{"file":"hyronic_sur:hyronic_sur/labels/player_ranks/rank_emerald.png","chars":["௄"],"height":14,"ascent":7,"type":"bitmap"},{"file":"hyronic_sur:hyronic_sur/labels/player_ranks/rank_helper.png","chars":["௅"],"height":14,"ascent":7,"type":"bitmap"},{"file":"hyronic_sur:hyronic_sur/labels/player_ranks/rank_mod.png","chars":["ெ"],"height":14,"ascent":7,"type":"bitmap"},{"file":"hyronic_sur:hyronic_sur/labels/player_ranks/rank_admin.png","chars":["ே"],"height":14,"ascent":7,"type":"bitmap"},{"file":"hyronic_sur:hyronic_sur/labels/player_ranks/rank_owner.png","chars":["ை"],"height":14,"ascent":7,"type":"bitmap"},{"file":"_iainternal:hud/small_cooldown_bar/0.png","chars":[""],"height":22,"ascent":-42,"type":"bitmap"},{"file":"_iainternal:hud/small_cooldown_bar/1.png","chars":[""],"height":22,"ascent":-42,"type":"bitmap"},{"file":"_iainternal:hud/small_cooldown_bar/2.png","chars":[""],"height":22,"ascent":-42,"type":"bitmap"},{"file":"_iainternal:hud/small_cooldown_bar/3.png","chars":[""],"height":22,"ascent":-42,"type":"bitmap"},{"file":"_iainternal:hud/small_cooldown_bar/4.png","chars":[""],"height":22,"ascent":-42,"type":"bitmap"},{"file":"_iainternal:hud/small_cooldown_bar/5.png","chars":[""],"height":22,"ascent":-42,"type":"bitmap"},{"file":"_iainternal:hud/small_cooldown_bar/6.png","chars":[""],"height":22,"ascent":-42,"type":"bitmap"},{"file":"_iainternal:hud/small_cooldown_bar/7.png","chars":[""],"height":22,"ascent":-42,"type":"bitmap"},{"file":"_iainternal:hud/small_cooldown_bar/8.png","chars":[""],"height":22,"ascent":-42,"type":"bitmap"},{"file":"_iainternal:hud/small_cooldown_bar/9.png","chars":[""],"height":22,"ascent":-42,"type":"bitmap"},{"file":"_iainternal:hud/small_cooldown_bar/10.png","chars":[""],"height":22,"ascent":-42,"type":"bitmap"},{"file":"_iainternal:hud/small_cooldown_bar/11.png","chars":[""],"height":22,"ascent":-42,"type":"bitmap"},{"file":"_iainternal:hud/small_cooldown_bar/12.png","chars":[""],"height":22,"ascent":-42,"type":"bitmap"},{"file":"_iainternal:hud/small_cooldown_bar/13.png","chars":[""],"height":22,"ascent":-42,"type":"bitmap"},{"file":"_iainternal:hud/small_cooldown_bar/14.png","chars":[""],"height":22,"ascent":-42,"type":"bitmap"},{"file":"_iainternal:hud/small_cooldown_bar/15.png","chars":[""],"height":22,"ascent":-42,"type":"bitmap"},{"file":"_iainternal:hud/small_cooldown_bar/16.png","chars":[""],"height":22,"ascent":-42,"type":"bitmap"},{"file":"_iainternal:hud/small_cooldown_bar/17.png","chars":[""],"height":22,"ascent":-42,"type":"bitmap"},{"file":"_iainternal:hud/small_cooldown_bar/18.png","chars":[""],"height":22,"ascent":-42,"type":"bitmap"},{"file":"_iainternal:hud/small_cooldown_bar/19.png","chars":[""],"height":22,"ascent":-42,"type":"bitmap"},{"file":"_iainternal:hud/small_cooldown_bar/20.png","chars":[""],"height":22,"ascent":-42,"type":"bitmap"},{"file":"cubeshop:chat/coin.png","chars":["ᵍ"],"height":13,"ascent":10,"type":"bitmap"},{"file":"cubeshop:chat/prefix.png","chars":["ᵎ"],"height":9,"ascent":8,"type":"bitmap"},{"file":"cubeshop:gui/categories/blocks.png","chars":["ᵏ"],"height":256,"ascent":21,"type":"bitmap"},{"file":"cubeshop:gui/categories/dyes.png","chars":["ᵐ"],"height":256,"ascent":21,"type":"bitmap"},{"file":"cubeshop:gui/categories/farming.png","chars":["ᵑ"],"height":256,"ascent":21,"type":"bitmap"},{"file":"cubeshop:gui/categories/foods.png","chars":["ᵒ"],"height":256,"ascent":21,"type":"bitmap"},{"file":"cubeshop:gui/categories/minerals_ores.png","chars":["ᵓ"],"height":256,"ascent":21,"type":"bitmap"},{"file":"cubeshop:gui/categories/miscellaneous.png","chars":["ᵔ"],"height":256,"ascent":21,"type":"bitmap"},{"file":"cubeshop:gui/categories/mob_drops.png","chars":["ᵕ"],"height":256,"ascent":21,"type":"bitmap"},{"file":"cubeshop:gui/categories/redstone.png","chars":["ᵖ"],"height":256,"ascent":21,"type":"bitmap"},{"file":"cubeshop:gui/categories/spawner.png","chars":["ᵗ"],"height":256,"ascent":21,"type":"bitmap"},{"file":"cubeshop:gui/buy.png","chars":["ᵘ"],"height":256,"ascent":21,"type":"bitmap"},{"file":"cubeshop:gui/buy_stacks.png","chars":["ᵙ"],"height":256,"ascent":21,"type":"bitmap"},{"file":"cubeshop:gui/main.png","chars":["ᵚ"],"height":256,"ascent":21,"type":"bitmap"},{"file":"cubeshop:gui/sell.png","chars":["ᵛ"],"height":256,"ascent":21,"type":"bitmap"},{"file":"cubeshop:gui/sell_stacks.png","chars":["ᵜ"],"height":256,"ascent":21,"type":"bitmap"},{"file":"cubeshop:icon/balance.png","chars":["ᵝ"],"height":8,"ascent":7,"type":"bitmap"},{"file":"cubeshop:icon/buy.png","chars":["ᵞ"],"height":9,"ascent":8,"type":"bitmap"},{"file":"cubeshop:icon/cancel.png","chars":["ᵟ"],"height":8,"ascent":7,"type":"bitmap"},{"file":"cubeshop:icon/coin.png","chars":["ᵠ"],"height":16,"ascent":11,"type":"bitmap"},{"file":"cubeshop:icon/confirm.png","chars":["ᵡ"],"height":8,"ascent":7,"type":"bitmap"},{"file":"cubeshop:icon/equal.png","chars":["ᵢ"],"height":9,"ascent":8,"type":"bitmap"},{"file":"cubeshop:icon/minus.png","chars":["ᵣ"],"height":9,"ascent":8,"type":"bitmap"},{"file":"cubeshop:icon/mouse.png","chars":["ᵤ"],"height":12,"ascent":9,"type":"bitmap"},{"file":"cubeshop:icon/negative_equal.png","chars":["ᵥ"],"height":9,"ascent":8,"type":"bitmap"},{"file":"cubeshop:icon/plus.png","chars":["ᵦ"],"height":9,"ascent":8,"type":"bitmap"},{"file":"cubeshop:icon/price.png","chars":["ᵧ"],"height":8,"ascent":7,"type":"bitmap"},{"file":"cubeshop:icon/sell.png","chars":["ᵨ"],"height":9,"ascent":8,"type":"bitmap"},{"file":"cubeshop:misc/empty.png","chars":["ᵩ"],"height":-10,"ascent":-32768,"type":"bitmap"},{"file":"cubeshop:title/category/blocks.png","chars":["ᵪ"],"height":10,"ascent":8,"type":"bitmap"},{"file":"cubeshop:title/category/dyes.png","chars":["ᵫ"],"height":10,"ascent":8,"type":"bitmap"},{"file":"cubeshop:title/category/farming.png","chars":["ᵬ"],"height":10,"ascent":8,"type":"bitmap"},{"file":"cubeshop:title/category/foods.png","chars":["ᵭ"],"height":10,"ascent":8,"type":"bitmap"},{"file":"cubeshop:title/category/minerals.png","chars":["ᵮ"],"height":10,"ascent":8,"type":"bitmap"},{"file":"cubeshop:title/category/miscellaneous.png","chars":["ᵯ"],"height":10,"ascent":8,"type":"bitmap"},{"file":"cubeshop:title/category/mob_drops.png","chars":["ᵰ"],"height":10,"ascent":8,"type":"bitmap"},{"file":"cubeshop:title/category/redstone.png","chars":["ᵱ"],"height":10,"ascent":8,"type":"bitmap"},{"file":"cubeshop:title/category/spawner.png","chars":["ᵲ"],"height":10,"ascent":8,"type":"bitmap"},{"file":"cubeshop:title/blocks.png","chars":["ᵳ"],"height":10,"ascent":8,"type":"bitmap"},{"file":"cubeshop:title/dyes.png","chars":["ᵴ"],"height":10,"ascent":8,"type":"bitmap"},{"file":"cubeshop:title/farming.png","chars":["ᵵ"],"height":10,"ascent":8,"type":"bitmap"},{"file":"cubeshop:title/foods.png","chars":["ᵶ"],"height":10,"ascent":8,"type":"bitmap"},{"file":"cubeshop:title/minerals.png","chars":["ᵷ"],"height":10,"ascent":8,"type":"bitmap"},{"file":"cubeshop:title/miscellaneous.png","chars":["ᵸ"],"height":10,"ascent":8,"type":"bitmap"},{"file":"cubeshop:title/mob_drops.png","chars":["ᵹ"],"height":10,"ascent":8,"type":"bitmap"},{"file":"cubeshop:title/redstone.png","chars":["ᵺ"],"height":10,"ascent":8,"type":"bitmap"},{"file":"cubeshop:title/spawner.png","chars":["ᵻ"],"height":10,"ascent":8,"type":"bitmap"},{"file":"hyronic_sur:hyronic_sur/labels/item_rarities/rarity_common.png","chars":["ஸ"],"height":14,"ascent":7,"type":"bitmap"},{"file":"hyronic_sur:hyronic_sur/labels/item_rarities/rarity_uncommon.png","chars":["ஹ"],"height":14,"ascent":7,"type":"bitmap"},{"file":"hyronic_sur:hyronic_sur/labels/item_rarities/rarity_rare.png","chars":["஺"],"height":14,"ascent":7,"type":"bitmap"},{"file":"hyronic_sur:hyronic_sur/labels/item_rarities/rarity_epic.png","chars":["஻"],"height":14,"ascent":7,"type":"bitmap"},{"file":"hyronic_sur:hyronic_sur/labels/item_rarities/rarity_legendary.png","chars":["஼"],"height":14,"ascent":7,"type":"bitmap"},{"file":"hyronic_sur:hyronic_sur/labels/item_rarities/rarity_mythic.png","chars":["஽"],"height":14,"ascent":7,"type":"bitmap"},{"file":"hyronic_sur:hyronic_sur/labels/item_rarities/rarity_divine.png","chars":["ா"],"height":14,"ascent":7,"type":"bitmap"},{"file":"hyronic_sur:items/mmoinventory/helmet_icon.png","chars":["఍"],"height":12,"ascent":9,"type":"bitmap"},{"file":"hyronic_sur:items/mmoinventory/chestplate_icon.png","chars":["ఎ"],"height":12,"ascent":9,"type":"bitmap"},{"file":"hyronic_sur:items/mmoinventory/leggings_icon.png","chars":["ఏ"],"height":12,"ascent":9,"type":"bitmap"},{"file":"hyronic_sur:items/mmoinventory/boots_icon.png","chars":["ఐ"],"height":12,"ascent":9,"type":"bitmap"},{"file":"hyronic_sur:items/mmoinventory/offhand_icon.png","chars":["఑"],"height":12,"ascent":9,"type":"bitmap"},{"file":"hyronic_sur:hyronic_sur/misc/access.png","chars":["ఒ"],"height":12,"ascent":9,"type":"bitmap"},{"file":"_iainternal:gui/no_recipe.png","chars":[""],"height":170,"ascent":47,"type":"bitmap"},{"file":"_iainternal:gui/crafting.png","chars":[""],"height":170,"ascent":47,"type":"bitmap"},{"file":"_iainternal:gui/cooking.png","chars":[""],"height":170,"ascent":47,"type":"bitmap"},{"file":"_iainternal:gui/blank_menu.png","chars":[""],"height":170,"ascent":47,"type":"bitmap"},{"file":"_iainternal:gui/anvil_repair.png","chars":[""],"height":170,"ascent":47,"type":"bitmap"},{"file":"_iainternal:gui/smithing.png","chars":[""],"height":170,"ascent":47,"type":"bitmap"},{"file":"hyronic_sur:hyronic_sur/null.png","chars":[""],"height":-1,"ascent":-32768,"type":"bitmap"},{"file":"hyronic_sur:hyronic_sur/null.png","chars":[""],"height":1,"ascent":-32768,"type":"bitmap"},{"file":"hyronic_sur:hyronic_sur/null.png","chars":[""],"height":2,"ascent":-32768,"type":"bitmap"},{"file":"hyronic_sur:hyronic_sur/null.png","chars":[""],"height":6,"ascent":-32768,"type":"bitmap"},{"file":"hyronic_sur:hyronic_sur/null.png","chars":[""],"height":14,"ascent":-32768,"type":"bitmap"},{"file":"hyronic_sur:hyronic_sur/null.png","chars":[""],"height":30,"ascent":-32768,"type":"bitmap"},{"file":"hyronic_sur:hyronic_sur/null.png","chars":[""],"height":62,"ascent":-32768,"type":"bitmap"},{"file":"hyronic_sur:hyronic_sur/null.png","chars":[""],"height":126,"ascent":-32768,"type":"bitmap"},{"file":"hyronic_sur:hyronic_sur/null.png","chars":[""],"height":254,"ascent":-32768,"type":"bitmap"},{"file":"hyronic_sur:hyronic_sur/null.png","chars":[""],"height":510,"ascent":-32768,"type":"bitmap"},{"file":"hyronic_sur:hyronic_sur/null.png","chars":[""],"height":1022,"ascent":-32768,"type":"bitmap"},{"file":"hyronic_sur:hyronic_sur/null.png","chars":[""],"height":-3,"ascent":-32768,"type":"bitmap"},{"file":"hyronic_sur:hyronic_sur/null.png","chars":[""],"height":-4,"ascent":-32768,"type":"bitmap"},{"file":"hyronic_sur:hyronic_sur/null.png","chars":[""],"height":-6,"ascent":-32768,"type":"bitmap"},{"file":"hyronic_sur:hyronic_sur/null.png","chars":[""],"height":-10,"ascent":-32768,"type":"bitmap"},{"file":"hyronic_sur:hyronic_sur/null.png","chars":[""],"height":-18,"ascent":-32768,"type":"bitmap"},{"file":"hyronic_sur:hyronic_sur/null.png","chars":[""],"height":-34,"ascent":-32768,"type":"bitmap"},{"file":"hyronic_sur:hyronic_sur/null.png","chars":[""],"height":-66,"ascent":-32768,"type":"bitmap"},{"file":"hyronic_sur:hyronic_sur/null.png","chars":[""],"height":-130,"ascent":-32768,"type":"bitmap"},{"file":"hyronic_sur:hyronic_sur/null.png","chars":[""],"height":-258,"ascent":-32768,"type":"bitmap"},{"file":"hyronic_sur:hyronic_sur/null.png","chars":[""],"height":-514,"ascent":-32768,"type":"bitmap"},{"file":"hyronic_sur:hyronic_sur/null.png","chars":[""],"height":-1026,"ascent":-32768,"type":"bitmap"},{"file":"hyronic_sur:hyronic_sur/interface/region_icons/draford.png","chars":["௉"],"height":13,"ascent":11,"type":"bitmap"},{"file":"hyronic_sur:hyronic_sur/interface/region_icons/overworld.png","chars":["ொ"],"height":14,"ascent":11,"type":"bitmap"},{"file":"hyronic_sur:hyronic_sur/interface/region_icons/nether.png","chars":["ோ"],"height":14,"ascent":11,"type":"bitmap"},{"file":"hyronic_sur:hyronic_sur/interface/region_icons/the_end.png","chars":["ௌ"],"height":14,"ascent":11,"type":"bitmap"},{"file":"hyronic_sur:hyronic_sur/interface/region_icons/coven.png","chars":["்"],"height":14,"ascent":11,"type":"bitmap"},{"file":"hyronic_sur:hyronic_sur/interface/region_icons/shop.png","chars":["௎"],"height":14,"ascent":11,"type":"bitmap"},{"file":"hyronic_sur:hyronic_sur/interface/region_icons/hall_of_fame.png","chars":["௏"],"height":14,"ascent":11,"type":"bitmap"},{"file":"hyronic_sur:hyronic_sur/interface/region_icons/ah.png","chars":["ௐ"],"height":14,"ascent":11,"type":"bitmap"},{"file":"hyronic_sur:hyronic_sur/interface/region_icons/prize_corner.png","chars":["௑"],"height":14,"ascent":11,"type":"bitmap"},{"file":"hyronic_sur:hyronic_sur/interface/region_icons/library.png","chars":["௒"],"height":14,"ascent":11,"type":"bitmap"},{"file":"hyronic_sur:hyronic_sur/interface/region_icons/dungeon_portal.png","chars":["௓"],"height":14,"ascent":11,"type":"bitmap"},{"file":"hyronic_sur:hyronic_sur/interface/region_icons/jeweler.png","chars":["ྠ"],"height":14,"ascent":11,"type":"bitmap"},{"file":"hyronic_sur:hyronic_sur/interface/region_icons/alchemy_room.png","chars":["ྡ"],"height":14,"ascent":11,"type":"bitmap"},{"file":"hyronic_sur:hyronic_sur/interface/gui_textures/guild/guild.png","chars":["ྡྷ"],"height":14,"ascent":11,"type":"bitmap"},{"file":"hyronic_sur:hyronic_sur/interface/region_icons/corrupted_veil.png","chars":["ྤ"],"height":14,"ascent":11,"type":"bitmap"},{"file":"ae:enchanter.png","chars":["ㄱ"],"height":256,"ascent":14,"type":"bitmap"},{"file":"ae:alchemist.png","chars":["ㄲ"],"height":256,"ascent":19,"type":"bitmap"},{"file":"ae:tinkerer.png","chars":["ㄳ"],"height":256,"ascent":19,"type":"bitmap"},{"file":"ae:shop.png","chars":["ㄴ"],"height":256,"ascent":19,"type":"bitmap"},{"file":"ae:confirm.png","chars":["ㄵ"],"height":256,"ascent":19,"type":"bitmap"},{"file":"ae:labels/simple.png","chars":["ㄶ"],"height":14,"ascent":8,"type":"bitmap"},{"file":"ae:labels/unique.png","chars":["ㄷ"],"height":14,"ascent":8,"type":"bitmap"},{"file":"ae:labels/elite.png","chars":["ㄸ"],"height":14,"ascent":8,"type":"bitmap"},{"file":"ae:labels/ultimate.png","chars":["ㄹ"],"height":14,"ascent":8,"type":"bitmap"},{"file":"ae:labels/legendary.png","chars":["ㄺ"],"height":14,"ascent":8,"type":"bitmap"},{"file":"ae:labels/mystery.png","chars":["ㄻ"],"height":14,"ascent":8,"type":"bitmap"},{"file":"ae:exp.png","chars":["ㄼ"],"height":10,"ascent":9,"type":"bitmap"},{"file":"ae:soul.png","chars":["ㅍ"],"height":12,"ascent":10,"type":"bitmap"},{"file":"ae:types/sword.png","chars":["ㅀ"],"height":11,"ascent":8,"type":"bitmap"},{"file":"ae:types/crossbow.png","chars":["ㅁ"],"height":11,"ascent":8,"type":"bitmap"},{"file":"ae:types/shovel.png","chars":["ㄿ"],"height":11,"ascent":8,"type":"bitmap"},{"file":"ae:types/axe.png","chars":["ㄾ"],"height":11,"ascent":8,"type":"bitmap"},{"file":"ae:types/leggings.png","chars":["ㅃ"],"height":11,"ascent":8,"type":"bitmap"},{"file":"ae:types/elytra.png","chars":["ㅄ"],"height":11,"ascent":8,"type":"bitmap"},{"file":"ae:types/hoe.png","chars":["ㅅ"],"height":11,"ascent":8,"type":"bitmap"},{"file":"ae:types/shield.png","chars":["ㅆ"],"height":11,"ascent":8,"type":"bitmap"},{"file":"ae:types/pickaxe.png","chars":["ㄽ"],"height":11,"ascent":8,"type":"bitmap"},{"file":"ae:types/bow.png","chars":["ㅂ"],"height":11,"ascent":8,"type":"bitmap"},{"file":"ae:types/helmet.png","chars":["ㅇ"],"height":11,"ascent":8,"type":"bitmap"},{"file":"ae:types/boots.png","chars":["ㅈ"],"height":11,"ascent":8,"type":"bitmap"},{"file":"ae:types/food.png","chars":["ㅉ"],"height":11,"ascent":8,"type":"bitmap"},{"file":"ae:types/chestplate.png","chars":["ㅊ"],"height":11,"ascent":8,"type":"bitmap"},{"file":"ae:types/trident.png","chars":["ㅋ"],"height":11,"ascent":8,"type":"bitmap"},{"file":"ae:types/fishing_rod.png","chars":["ㅌ"],"height":11,"ascent":8,"type":"bitmap"},{"file":"hyronic_sur:hyronic_sur/interface/custom_guis/csgo.png","chars":["ꐚ"],"height":256,"ascent":19,"type":"bitmap"},{"file":"hyronic_sur:hyronic_sur/interface/custom_guis/profile.png","chars":["ఀ"],"height":256,"ascent":19,"type":"bitmap"},{"file":"hyronic_sur:hyronic_sur/interface/custom_guis/blacksmith_old.png","chars":["ఋ"],"height":256,"ascent":19,"type":"bitmap"},{"file":"hyronic_sur:hyronic_sur/interface/custom_guis/jeweler_old.png","chars":["ఌ"],"height":256,"ascent":19,"type":"bitmap"},{"file":"hyronic_sur:hyronic_sur/interface/custom_guis/alchemist_old.png","chars":["ఙ"],"height":256,"ascent":19,"type":"bitmap"},{"file":"hyronic_sur:hyronic_sur/interface/custom_guis/accessory_room.png","chars":["చ"],"height":256,"ascent":19,"type":"bitmap"},{"file":"hyronic_sur:hyronic_sur/interface/custom_guis/crate.png","chars":["ఛ"],"height":256,"ascent":19,"type":"bitmap"},{"file":"hyronic_sur:hyronic_sur/interface/custom_guis/forging.png","chars":["జ"],"height":256,"ascent":19,"type":"bitmap"},{"file":"hyronic_sur:hyronic_sur/interface/custom_guis/guild.png","chars":["ట"],"height":256,"ascent":19,"type":"bitmap"}]}