{"sources":[{"source":"entity","prefix":"entity/","type":"directory"},{"resource":"minecraft:custom/archdrake1","sprite":"minecraft:custom/archdrake1","type":"single"},{"type":"single","resource":"hyronic_sur:hyronic_sur/items_textures/materials/prismatic_fruit"},{"type":"single","resource":"hyronic_sur:hyronic_sur/items_textures/potion/large_mana_potion"},{"type":"single","resource":"hyronic_sur:hyronic_sur/items_textures/accessory/uranium_canister"},{"type":"single","resource":"hyronic_sur:hyronic_sur/items_textures/minerals/orichalcum_ingot"},{"type":"single","resource":"hyronic_sur:hyronic_sur/items_textures/bow/catastrophe_1"},{"type":"single","resource":"hyronic_sur:hyronic_sur/items_textures/bow/catastrophe_2"},{"type":"single","resource":"hyronic_sur:hyronic_sur/items_textures/sword/daedalus_replica"},{"type":"single","resource":"hyronic_sur:hyronic_sur/items_textures/bow/catastrophe_0"},{"type":"single","resource":"hyronic_sur:hyronic_sur/items_textures/materials/mortos_belt"},{"type":"single","resource":"hyronic_sur:hyronic_sur/interface/gui_textures/stats/regen"},{"type":"single","resource":"hyronic_sur:hyronic_sur/interface/gui_textures/codex/boss"},{"type":"single","resource":"hyronic_sur:hyronic_sur/items_textures/fish/hexified_voidfish"},{"type":"single","resource":"hyronic_sur:hyronic_sur/interface/gui_textures/store/rank"},{"type":"single","resource":"hyronic_sur:hyronic_sur/items_textures/materials/moss_fish_fillet"},{"type":"single","resource":"hyronic_sur:hyronic_sur/items_textures/sword/calamity"},{"type":"single","resource":"hyronic_sur:hyronic_sur/items_textures/accessory/heart_of_the_damned"},{"type":"single","resource":"hyronic_sur:hyronic_sur/interface/gui_textures/stats/health"},{"type":"single","resource":"hyronic_sur:hyronic_sur/items_textures/materials/exo_stone"},{"type":"single","resource":"hyronic_sur:hyronic_sur/items_textures/materials/true_black"},{"type":"single","resource":"hyronic_sur:hyronic_sur/blocks_textures/uranium_ore"},{"type":"single","resource":"modelengine:entity/fallenheraldxd"},{"type":"single","resource":"modelengine:entity/fravager_ravage"},{"type":"single","resource":"_iainternal:icons/icon_next_orange"},{"type":"single","resource":"hyronic_sur:hyronic_sur/items_textures/fish/golden_voidfish"},{"type":"single","resource":"modelengine:entity/boneshadingdefender"},{"type":"single","resource":"modelengine:entity/boneshadingfiredefender"},{"type":"single","resource":"hyronic_sur:hyronic_sur/items_textures/minerals/titanium"},{"type":"single","resource":"hyronic_sur:hyronic_sur/items_textures/materials/calamity_handle"},{"type":"single","resource":"hyronic_sur:hyronic_sur/misc/money"},{"type":"single","resource":"hyronic_sur:hyronic_sur/interface/gui_textures/codex/region"},{"type":"single","resource":"hyronic_sur:hyronic_sur/items_textures/accessory/iridium_heart"},{"type":"single","resource":"hyronic_sur:hyronic_sur/interface/gui_textures/stats/weapon_damage"},{"type":"single","resource":"hyronic_sur:hyronic_sur/misc/power"},{"type":"single","resource":"hyronic_sur:hyronic_sur/items_textures/sword/titanium_blade"},{"type":"single","resource":"hyronic_sur:hyronic_sur/items_textures/accessory/iridium_glove"},{"type":"single","resource":"hyronic_sur:hyronic_sur/items_textures/armor/uranium_boots"},{"type":"single","resource":"hyronic_sur:hyronic_sur/interface/gui_textures/stats/projectile_damage"},{"type":"single","resource":"hyronic_sur:hyronic_sur/interface/gui_textures/stats/defense"},{"type":"single","resource":"hyronic_sur:hyronic_sur/misc/enchant"},{"type":"single","resource":"hyronic_sur:hyronic_sur/items_textures/fish/saphire_pufferfish"},{"type":"single","resource":"hyronic_sur:hyronic_sur/items_textures/fish/saphire_salmon"},{"type":"single","resource":"modelengine:entity/ravager_fire_crepit"},{"type":"single","resource":"hyronic_sur:hyronic_sur/items_textures/sword/cobra"},{"type":"single","resource":"hyronic_sur:hyronic_sur/items_textures/fish/starfish"},{"type":"single","resource":"modelengine:entity/fdefender_explosion_2"},{"type":"single","resource":"modelengine:entity/boneshadingreaper"},{"type":"single","resource":"hyronic_sur:items/mmoinventory/emblem"},{"type":"single","resource":"hyronic_sur:hyronic_sur/misc/yes"},{"type":"single","resource":"ae:items/protection-scroll"},{"type":"single","resource":"hyronic_sur:hyronic_sur/items_textures/fish/squid"},{"type":"single","resource":"hyronic_sur:hyronic_sur/blocks_textures/iridium_ore"},{"type":"single","resource":"hyronic_sur:hyronic_sur/items_textures/staff/cataclysm"},{"type":"single","resource":"modelengine:entity/fravager_fireblade_resources"},{"type":"single","resource":"modelengine:entity/boneshadingfireravager"},{"type":"single","resource":"ae:items/rc-unique"},{"type":"single","resource":"hyronic_sur:hyronic_sur/interface/gui_textures/warp/draford"},{"type":"single","resource":"hyronic_sur:hyronic_sur/interface/region_icons/corrupted_veil"},{"type":"single","resource":"hyronic_sur:hyronic_sur/interface/gui_textures/stats/stats"},{"type":"single","resource":"hyronic_sur:hyronic_sur/items_textures/minerals/uranium"},{"type":"single","resource":"_iainternal:icons/icon_cancel"},{"type":"single","resource":"hyronic_sur:hyronic_sur/items_textures/fish/hexified_crab"},{"type":"single","resource":"hyronic_sur:hyronic_sur/items_textures/materials/grimoire_of_the_loyal"},{"type":"single","resource":"hyronic_sur:hyronic_sur/interface/gui_textures/skills/mining"},{"type":"single","resource":"hyronic_sur:hyronic_sur/interface/region_icons/library"},{"type":"single","resource":"modelengine:entity/em_reaperscythe2"},{"type":"single","resource":"hyronic_sur:hyronic_sur/items_textures/materials/red_candycane"},{"type":"single","resource":"hyronic_sur:hyronic_sur/interface/gui_textures/stats/critdamage"},{"type":"single","resource":"modelengine:entity/ravager_explosion_2"},{"type":"single","resource":"_iainternal:icons/icon_arrow_chest"},{"type":"single","resource":"ae:items/soul-gem"},{"type":"single","resource":"modelengine:entity/fallenreapervoid"},{"type":"single","resource":"modelengine:entity/reditexture"},{"type":"single","resource":"hyronic_sur:hyronic_sur/interface/gui_textures/guild/claim"},{"type":"single","resource":"hyronic_sur:hyronic_sur/interface/gui_textures/lands/settings"},{"type":"single","resource":"hyronic_sur:hyronic_sur/items_textures/tools/demeter_axe"},{"type":"single","resource":"hyronic_sur:hyronic_sur/interface/gui_textures/lands/lands_3"},{"type":"single","resource":"hyronic_sur:hyronic_sur/interface/gui_textures/lands/lands_2"},{"type":"single","resource":"hyronic_sur:hyronic_sur/interface/gui_textures/lands/lands_1"},{"type":"single","resource":"hyronic_sur:hyronic_sur/items_textures/materials/null_cell"},{"type":"single","resource":"hyronic_sur:hyronic_sur/interface/gui_textures/lands/lands_4"},{"type":"single","resource":"hyronic_sur:hyronic_sur/interface/gui_textures/settings/trade"},{"type":"single","resource":"hyronic_sur:hyronic_sur/interface/gui_textures/stats/tenacity"},{"type":"single","resource":"hyronic_sur:hyronic_sur/items_textures/rune/vitality_5"},{"type":"single","resource":"hyronic_sur:hyronic_sur/interface/gui_textures/codex/ravenna"},{"type":"single","resource":"modelengine:entity/shieldkrystel_fdf"},{"type":"single","resource":"hyronic_sur:hyronic_sur/items_textures/accessory/iridium_emblem"},{"type":"single","resource":"hyronic_sur:hyronic_sur/items_textures/sword/the_trickster"},{"type":"single","resource":"hyronic_sur:hyronic_sur/items_textures/materials/golden_fish_fillet"},{"type":"single","resource":"hyronic_sur:hyronic_sur/interface/gui_textures/warp/ah"},{"type":"single","resource":"hyronic_sur:hyronic_sur/interface/gui_textures/store/catalogue"},{"type":"single","resource":"hyronic_sur:hyronic_sur/items_textures/materials/teal_mushroom"},{"type":"single","resource":"hyronic_sur:hyronic_sur/interface/gui_textures/skills/previous"},{"type":"single","resource":"hyronic_sur:hyronic_sur/interface/gui_textures/settings/teleport"},{"type":"single","resource":"hyronic_sur:hyronic_sur/items_textures/rune/vitality_2"},{"type":"single","resource":"hyronic_sur:hyronic_sur/items_textures/rune/vitality_1"},{"type":"single","resource":"hyronic_sur:hyronic_sur/items_textures/sword/harbinger_of_death"},{"type":"single","resource":"hyronic_sur:hyronic_sur/items_textures/rune/vitality_4"},{"type":"single","resource":"hyronic_sur:hyronic_sur/items_textures/rune/vitality_3"},{"type":"single","resource":"hyronic_sur:hyronic_sur/items_textures/fish/golden_starfish"},{"type":"single","resource":"hyronic_sur:hyronic_sur/items_textures/materials/black_powder"},{"type":"single","resource":"hyronic_sur:hyronic_sur/items_textures/materials/lost_soul"},{"type":"single","resource":"hyronic_sur:hyronic_sur/items_textures/fish/golden_squid"},{"type":"single","resource":"hyronic_sur:hyronic_sur/interface/gui_textures/lands/members_3"},{"type":"single","resource":"modelengine:entity/boneshadin2reeaperxd"},{"type":"single","resource":"hyronic_sur:hyronic_sur/items_textures/fish/jellyfish"},{"type":"single","resource":"hyronic_sur:hyronic_sur/interface/gui_textures/lands/members_4"},{"type":"single","resource":"hyronic_sur:hyronic_sur/items_textures/potion/supreme_health_potion"},{"type":"single","resource":"hyronic_sur:hyronic_sur/items_textures/rune/derunator"},{"type":"single","resource":"hyronic_sur:hyronic_sur/interface/gui_textures/skills/archery"},{"type":"single","resource":"ae:items/lucky-gem"},{"type":"single","resource":"hyronic_sur:hyronic_sur/items_textures/fish/hexified_lobster"},{"type":"single","resource":"modelengine:entity/fravager_chipcitums_axe"},{"type":"single","resource":"hyronic_sur:hyronic_sur/items_textures/materials/endercore"},{"type":"single","resource":"hyronic_sur:hyronic_sur/interface/gui_textures/lands/members_1"},{"type":"single","resource":"hyronic_sur:hyronic_sur/interface/gui_textures/lands/members_2"},{"type":"single","resource":"ae:items/randomization-gem"},{"type":"single","resource":"hyronic_sur:hyronic_sur/items_textures/fish/golden_frog"},{"type":"single","resource":"hyronic_sur:hyronic_sur/items_textures/accessory/necklace_of_the_damned"},{"type":"single","resource":"hyronic_sur:hyronic_sur/items_textures/minerals/orichalcum"},{"type":"single","resource":"hyronic_sur:hyronic_sur/interface/region_icons/shop"},{"type":"single","resource":"hyronic_sur:items/mmoinventory/off_hand"},{"type":"single","resource":"hyronic_sur:hyronic_sur/items_textures/materials/perfect_emerald"},{"type":"single","resource":"hyronic_sur:hyronic_sur/items_textures/materials/bizzare_fruit"},{"type":"single","resource":"hyronic_sur:hyronic_sur/items_textures/materials/titanium_core"},{"type":"single","resource":"hyronic_sur:hyronic_sur/misc/wait"},{"type":"single","resource":"hyronic_sur:hyronic_sur/interface/gui_textures/stats/strength"},{"type":"single","resource":"hyronic_sur:hyronic_sur/items_textures/accessory/runicator"},{"type":"single","resource":"hyronic_sur:hyronic_sur/items_textures/materials/titanium_medallion"},{"type":"single","resource":"modelengine:entity/fdefender_firesourcesprit"},{"type":"single","resource":"hyronic_sur:hyronic_sur/items_textures/sword/orichalcum_sword"},{"type":"single","resource":"hyronic_sur:hyronic_sur/interface/gui_textures/codex/the_null"},{"type":"single","resource":"ae:items/rc-elite"},{"type":"single","resource":"ae:items/secret-gem"},{"type":"single","resource":"hyronic_sur:items/mmoinventory/boots"},{"type":"single","resource":"ae:items/rename-feather"},{"type":"single","resource":"modelengine:entity/fallenreaper"},{"type":"single","resource":"modelengine:entity/fallensoldieranimated"},{"type":"single","resource":"hyronic_sur:hyronic_sur/interface/gui_textures/main_menu/1"},{"type":"single","resource":"hyronic_sur:hyronic_sur/items_textures/potion/small_health_potion"},{"type":"single","resource":"hyronic_sur:hyronic_sur/interface/gui_textures/main_menu/3"},{"type":"single","resource":"hyronic_sur:hyronic_sur/items_textures/potion/mana_potion"},{"type":"single","resource":"hyronic_sur:hyronic_sur/interface/gui_textures/main_menu/2"},{"type":"single","resource":"hyronic_sur:hyronic_sur/items_textures/fish/golden_jellyfish"},{"type":"single","resource":"modelengine:entity/fallen_defendress"},{"type":"single","resource":"hyronic_sur:hyronic_sur/items_textures/materials/quinerus_cloak"},{"type":"single","resource":"modelengine:entity/boneshadin1_warden"},{"type":"single","resource":"modelengine:entity/fdefender_fire_crepit"},{"type":"single","resource":"hyronic_sur:hyronic_sur/items_textures/fish/mackerel"},{"type":"single","resource":"hyronic_sur:hyronic_sur/interface/gui_textures/dungeon/coven"},{"type":"single","resource":"hyronic_sur:hyronic_sur/interface/gui_textures/dungeon/dungeon"},{"type":"single","resource":"hyronic_sur:items/mmoinventory/artifact_1"},{"type":"single","resource":"hyronic_sur:hyronic_sur/items_textures/fish/hexified_starfish"},{"type":"single","resource":"hyronic_sur:hyronic_sur/items_textures/materials/silver_coin"},{"type":"single","resource":"hyronic_sur:hyronic_sur/misc/no"},{"type":"single","resource":"modelengine:entity/fdefender_soulblade_effects"},{"type":"single","resource":"modelengine:entity/boneshadingravager"},{"type":"single","resource":"hyronic_sur:hyronic_sur/mmoinventory/fill"},{"type":"single","resource":"hyronic_sur:hyronic_sur/items_textures/materials/detached_eye"},{"type":"single","resource":"modelengine:entity/boneshadin1"},{"type":"single","resource":"ae:items/transmog-scroll"},{"type":"single","resource":"ae:items/rc-ultimate"},{"type":"single","resource":"modelengine:entity/em_reaperscythe"},{"type":"single","resource":"hyronic_sur:hyronic_sur/interface/region_icons/prize_corner"},{"type":"single","resource":"hyronic_sur:hyronic_sur/misc/air"},{"type":"single","resource":"hyronic_sur:hyronic_sur/items_textures/materials/grimoire_of_the_damned"},{"type":"single","resource":"hyronic_sur:hyronic_sur/items_textures/materials/adventurer_badge"},{"type":"single","resource":"hyronic_sur:hyronic_sur/interface/region_icons/alchemy_room"},{"type":"single","resource":"modelengine:entity/fdefender_supershockwave"},{"type":"single","resource":"_iainternal:icons/icon_search"},{"type":"single","resource":"modelengine:entity/em_heraldsword"},{"type":"single","resource":"hyronic_sur:hyronic_sur/interface/gui_textures/stats/damage"},{"type":"single","resource":"hyronic_sur:hyronic_sur/items_textures/fish/saphire_lobster"},{"type":"single","resource":"hyronic_sur:hyronic_sur/interface/gui_textures/guild/comm"},{"type":"single","resource":"modelengine:entity/fallenwarden1"},{"type":"single","resource":"ae:items/mob-tracker"},{"type":"single","resource":"hyronic_sur:hyronic_sur/items_textures/materials/pure_diamond"},{"type":"single","resource":"hyronic_sur:hyronic_sur/items_textures/materials/shard_of_true_ice"},{"type":"single","resource":"hyronic_sur:hyronic_sur/items_textures/bow/divenetto_0"},{"type":"single","resource":"hyronic_sur:hyronic_sur/interface/gui_textures/main_menu/9"},{"type":"single","resource":"hyronic_sur:hyronic_sur/interface/gui_textures/main_menu/8"},{"type":"single","resource":"hyronic_sur:hyronic_sur/interface/gui_textures/main_menu/5"},{"type":"single","resource":"hyronic_sur:hyronic_sur/interface/gui_textures/main_menu/4"},{"type":"single","resource":"hyronic_sur:hyronic_sur/interface/gui_textures/dungeon/stats"},{"type":"single","resource":"hyronic_sur:hyronic_sur/items_textures/bow/divenetto_2"},{"type":"single","resource":"hyronic_sur:hyronic_sur/interface/gui_textures/main_menu/7"},{"type":"single","resource":"hyronic_sur:hyronic_sur/items_textures/bow/divenetto_1"},{"type":"single","resource":"hyronic_sur:hyronic_sur/interface/gui_textures/main_menu/6"},{"type":"single","resource":"hyronic_sur:hyronic_sur/interface/gui_textures/guild/comm_2"},{"type":"single","resource":"hyronic_sur:hyronic_sur/interface/gui_textures/guild/locked"},{"type":"single","resource":"hyronic_sur:hyronic_sur/items_textures/armor/uranium_helmet"},{"type":"single","resource":"ae:items/armor-orb"},{"type":"single","resource":"modelengine:entity/boneshadin2herald"},{"type":"single","resource":"hyronic_sur:hyronic_sur/items_textures/accessory/gold_badge"},{"type":"single","resource":"_iainternal:icons/icon_left_blue"},{"type":"single","resource":"hyronic_sur:hyronic_sur/interface/region_icons/hall_of_fame"},{"type":"single","resource":"hyronic_sur:hyronic_sur/items_textures/accessory/uranium_gloves"},{"type":"single","resource":"hyronic_sur:items/mmoinventory/leggings"},{"type":"single","resource":"modelengine:entity/fdefender_rsw"},{"type":"single","resource":"hyronic_sur:hyronic_sur/blocks_textures/orichalcum_ore"},{"type":"single","resource":"hyronic_sur:hyronic_sur/interface/gui_textures/codex/enemy"},{"type":"single","resource":"hyronic_sur:hyronic_sur/items_textures/minerals/titanium_ingot"},{"type":"single","resource":"hyronic_sur:hyronic_sur/items_textures/fish/moss_mackerel"},{"type":"single","resource":"hyronic_sur:hyronic_sur/items_textures/fish/golden_carp"},{"type":"single","resource":"modelengine:entity/boneshadingsoldier"},{"type":"single","resource":"hyronic_sur:hyronic_sur/items_textures/sword/securus"},{"type":"single","resource":"hyronic_sur:hyronic_sur/items_textures/fish/eel"},{"type":"single","resource":"hyronic_sur:hyronic_sur/items_textures/materials/crate_key"},{"type":"single","resource":"hyronic_sur:hyronic_sur/items_textures/materials/blue_candycane"},{"type":"single","resource":"hyronic_sur:hyronic_sur/items_textures/fish/lobster"},{"type":"single","resource":"hyronic_sur:hyronic_sur/items_textures/fish/moss_eel"},{"type":"single","resource":"hyronic_sur:items/mmoinventory/helmet"},{"type":"single","resource":"hyronic_sur:hyronic_sur/interface/region_icons/the_other_side"},{"type":"single","resource":"hyronic_sur:hyronic_sur/items_textures/minerals/iridium_shard"},{"type":"single","resource":"hyronic_sur:hyronic_sur/items_textures/materials/hexim_necklace"},{"type":"single","resource":"hyronic_sur:hyronic_sur/interface/gui_textures/settings/tags"},{"type":"single","resource":"hyronic_sur:hyronic_sur/items_textures/fish/carp"},{"type":"single","resource":"hyronic_sur:hyronic_sur/interface/gui_textures/skills/back"},{"type":"single","resource":"modelengine:entity/fallenheraldvoid"},{"type":"single","resource":"modelengine:entity/fravager_shockwave1"},{"type":"single","resource":"modelengine:entity/shieldfield1_loop"},{"type":"single","resource":"hyronic_sur:hyronic_sur/items_textures/fish/golden_rockfish"},{"type":"single","resource":"hyronic_sur:hyronic_sur/items_textures/potion/small_mana_potion"},{"type":"single","resource":"modelengine:entity/em_nothingness"},{"type":"single","resource":"hyronic_sur:hyronic_sur/interface/gui_textures/skills/next"},{"type":"single","resource":"modelengine:entity/fhero_invis"},{"type":"single","resource":"hyronic_sur:hyronic_sur/items_textures/potion/supreme_mana_potion"},{"type":"single","resource":"hyronic_sur:hyronic_sur/items_textures/minerals/mythril_ingot"},{"type":"single","resource":"modelengine:entity/soldierswordanimatedhalo"},{"type":"single","resource":"hyronic_sur:hyronic_sur/items_textures/materials/slimy_mucus"},{"type":"single","resource":"hyronic_sur:hyronic_sur/items_textures/bow/hospitality"},{"type":"single","resource":"hyronic_sur:hyronic_sur/items_textures/fish/shrimp"},{"type":"single","resource":"hyronic_sur:hyronic_sur/interface/gui_textures/codex/titanium_golem"},{"type":"single","resource":"modelengine:entity/em_warden_lanceaxe"},{"type":"single","resource":"hyronic_sur:hyronic_sur/items_textures/accessory/pendant_of_the_damned"},{"type":"single","resource":"hyronic_sur:hyronic_sur/interface/gui_textures/skills/enchant"},{"type":"single","resource":"ae:items/rc-simple"},{"type":"single","resource":"modelengine:entity/fallendefender"},{"type":"single","resource":"hyronic_sur:hyronic_sur/items_textures/fish/saphire_rockfish"},{"type":"single","resource":"hyronic_sur:hyronic_sur/items_textures/accessory/silver_badge"},{"type":"single","resource":"hyronic_sur:hyronic_sur/interface/region_icons/dungeon_portal"},{"type":"single","resource":"cubeshop:misc/air"},{"type":"single","resource":"hyronic_sur:hyronic_sur/items_textures/fish/saphire_jellyfish"},{"type":"single","resource":"ae:items/weapon-orb"},{"type":"single","resource":"ae:items/soul-tracker"},{"type":"single","resource":"hyronic_sur:hyronic_sur/interface/gui_textures/lands/lands"},{"type":"single","resource":"hyronic_sur:hyronic_sur/interface/gui_textures/skills/sources"},{"type":"single","resource":"modelengine:entity/fravager_ravage_effects"},{"type":"single","resource":"hyronic_sur:hyronic_sur/interface/gui_textures/guild/guild"},{"type":"single","resource":"hyronic_sur:hyronic_sur/items_textures/materials/fish_fillet"},{"type":"single","resource":"hyronic_sur:hyronic_sur/items_textures/accessory/nullifying_necklace"},{"type":"single","resource":"hyronic_sur:hyronic_sur/items_textures/materials/lost_blueprint"},{"type":"single","resource":"hyronic_sur:hyronic_sur/interface/gui_textures/stats/luck"},{"type":"single","resource":"hyronic_sur:hyronic_sur/items_textures/staff/scorpio"},{"type":"single","resource":"hyronic_sur:hyronic_sur/items_textures/fish/crab"},{"type":"single","resource":"hyronic_sur:hyronic_sur/interface/region_icons/jeweler"},{"type":"single","resource":"hyronic_sur:hyronic_sur/items_textures/accessory/lost_bracelet"},{"type":"single","resource":"hyronic_sur:hyronic_sur/items_textures/materials/demeter_favour"},{"type":"single","resource":"hyronic_sur:hyronic_sur/items_textures/fish/golden_mackerel"},{"type":"single","resource":"required/particle"},{"type":"single","resource":"hyronic_sur:hyronic_sur/items_textures/materials/cataclysm_handle"},{"type":"single","resource":"hyronic_sur:hyronic_sur/items_textures/materials/saphire_fish_fillet"},{"type":"single","resource":"hyronic_sur:hyronic_sur/items_textures/accessory/lost_ring"},{"type":"single","resource":"hyronic_sur:hyronic_sur/items_textures/fish/golden_lobster"},{"type":"single","resource":"ae:items/kill-tracker"},{"type":"single","resource":"hyronic_sur:hyronic_sur/items_textures/rune/precision_5"},{"type":"single","resource":"hyronic_sur:hyronic_sur/items_textures/rune/precision_4"},{"type":"single","resource":"hyronic_sur:hyronic_sur/items_textures/rune/precision_3"},{"type":"single","resource":"modelengine:entity/soulfire_svorden"},{"type":"single","resource":"modelengine:entity/fravager_gosido"},{"type":"single","resource":"hyronic_sur:hyronic_sur/items_textures/rune/precision_2"},{"type":"single","resource":"hyronic_sur:hyronic_sur/items_textures/minerals/mythril"},{"type":"single","resource":"ae:items/slot-scroll"},{"type":"single","resource":"hyronic_sur:hyronic_sur/items_textures/rune/precision_1"},{"type":"single","resource":"modelengine:entity/fdefender_soulfirextension1_loop"},{"type":"single","resource":"hyronic_sur:hyronic_sur/items_textures/rune/sorcery_2"},{"type":"single","resource":"hyronic_sur:hyronic_sur/interface/gui_textures/skills/defense"},{"type":"single","resource":"hyronic_sur:hyronic_sur/items_textures/materials/void_stone"},{"type":"single","resource":"hyronic_sur:hyronic_sur/items_textures/rune/sorcery_3"},{"type":"single","resource":"hyronic_sur:hyronic_sur/misc/menu"},{"type":"single","resource":"hyronic_sur:hyronic_sur/interface/gui_textures/main_menu/10"},{"type":"single","resource":"hyronic_sur:hyronic_sur/items_textures/rune/sorcery_1"},{"type":"single","resource":"hyronic_sur:hyronic_sur/items_textures/fish/golden_pufferfish"},{"type":"single","resource":"hyronic_sur:hyronic_sur/items_textures/materials/nightmare_fuel"},{"type":"single","resource":"hyronic_sur:hyronic_sur/items_textures/tools/demeter_scythe"},{"type":"single","resource":"hyronic_sur:hyronic_sur/items_textures/rune/sorcery_4"},{"type":"single","resource":"hyronic_sur:hyronic_sur/items_textures/rune/sorcery_5"},{"type":"single","resource":"hyronic_sur:hyronic_sur/items_textures/materials/endergem"},{"type":"single","resource":"modelengine:entity/fallen_ravageress"},{"type":"single","resource":"modelengine:entity/fdefender_fireblade_resources"},{"type":"single","resource":"modelengine:entity/boneshadin2heraldxd"},{"type":"single","resource":"hyronic_sur:hyronic_sur/interface/gui_textures/settings/info"},{"type":"single","resource":"modelengine:entity/fdefender_sfe_start"},{"type":"single","resource":"hyronic_sur:hyronic_sur/interface/gui_textures/blacksmith/upgrade"},{"type":"single","resource":"hyronic_sur:hyronic_sur/interface/gui_textures/lands/members"},{"type":"single","resource":"modelengine:entity/bandend"},{"type":"single","resource":"modelengine:entity/fdefender_fireprojectile"},{"type":"single","resource":"hyronic_sur:hyronic_sur/interface/gui_textures/guild/unlocked"},{"type":"single","resource":"hyronic_sur:hyronic_sur/items_textures/armor/uranium_chestplate"},{"type":"single","resource":"hyronic_sur:hyronic_sur/items_textures/sword/mythril_greatsword"},{"type":"single","resource":"hyronic_sur:hyronic_sur/items_textures/potion/large_health_potion"},{"type":"single","resource":"hyronic_sur:hyronic_sur/items_textures/accessory/lost_necklace"},{"type":"single","resource":"ae:empty"},{"type":"single","resource":"hyronic_sur:hyronic_sur/items_textures/armor/uranium_leggings"},{"type":"single","resource":"hyronic_sur:hyronic_sur/items_textures/fish/golden_eel"},{"type":"single","resource":"hyronic_sur:hyronic_sur/items_textures/fish/hexified_squid"},{"type":"single","resource":"hyronic_sur:hyronic_sur/interface/gui_textures/stats/wisdom"},{"type":"single","resource":"hyronic_sur:hyronic_sur/interface/gui_textures/stats/abilityhaste"},{"type":"single","resource":"hyronic_sur:hyronic_sur/interface/region_icons/ah"},{"type":"single","resource":"hyronic_sur:hyronic_sur/interface/gui_textures/codex/blasphemy"},{"type":"single","resource":"hyronic_sur:hyronic_sur/items_textures/materials/dragon_scale"},{"type":"single","resource":"hyronic_sur:hyronic_sur/interface/region_icons/draford"},{"type":"single","resource":"hyronic_sur:hyronic_sur/interface/gui_textures/skills/alchemy"},{"type":"single","resource":"hyronic_sur:hyronic_sur/items_textures/sword/ark_of_the_cosmos"},{"type":"single","resource":"hyronic_sur:hyronic_sur/interface/gui_textures/skills/locked"},{"type":"single","resource":"hyronic_sur:hyronic_sur/items_textures/materials/catastrophe_broken"},{"type":"single","resource":"ae:items/remove-scroll"},{"type":"single","resource":"hyronic_sur:hyronic_sur/items_textures/fish/golden_shrimp"},{"type":"single","resource":"hyronic_sur:hyronic_sur/interface/gui_textures/settings/profile_1"},{"type":"single","resource":"hyronic_sur:hyronic_sur/misc/update"},{"type":"single","resource":"hyronic_sur:hyronic_sur/interface/gui_textures/settings/profile_2"},{"type":"single","resource":"modelengine:entity/fallendefender_dead"},{"type":"single","resource":"hyronic_sur:items/mmoinventory/chestplate"},{"type":"single","resource":"hyronic_sur:hyronic_sur/items_textures/materials/bloom_doom"},{"type":"single","resource":"hyronic_sur:hyronic_sur/items_textures/fish/moss_salmon"},{"type":"single","resource":"hyronic_sur:hyronic_sur/items_textures/materials/caeletus_ring"},{"type":"single","resource":"hyronic_sur:hyronic_sur/blocks_textures/titanium_ore"},{"type":"single","resource":"hyronic_sur:hyronic_sur/items_textures/bow/catastrophe"},{"type":"single","resource":"hyronic_sur:hyronic_sur/interface/gui_textures/skills/combat"},{"type":"single","resource":"hyronic_sur:hyronic_sur/items_textures/bow/divenetto"},{"type":"single","resource":"hyronic_sur:hyronic_sur/items_textures/staff/frigid"},{"type":"single","resource":"hyronic_sur:hyronic_sur/interface/gui_textures/skills/unlocked"},{"type":"single","resource":"hyronic_sur:hyronic_sur/interface/region_icons/blacksmith"},{"type":"single","resource":"hyronic_sur:hyronic_sur/interface/gui_textures/warp/stadium"},{"type":"single","resource":"hyronic_sur:hyronic_sur/interface/gui_textures/lands/shop"},{"type":"single","resource":"hyronic_sur:hyronic_sur/interface/gui_textures/skills/farming"},{"type":"single","resource":"modelengine:entity/fallenravager"},{"type":"single","resource":"ae:items/soulbound-scroll"},{"type":"single","resource":"hyronic_sur:hyronic_sur/interface/gui_textures/skills/ability"},{"type":"single","resource":"hyronic_sur:hyronic_sur/interface/gui_textures/stats/attackspeed"},{"type":"single","resource":"hyronic_sur:hyronic_sur/interface/gui_textures/stats/critchance"},{"type":"single","resource":"hyronic_sur:hyronic_sur/items_textures/dungeon_key_1"},{"type":"single","resource":"hyronic_sur:hyronic_sur/items_textures/materials/void_fish_fillet"},{"type":"single","resource":"hyronic_sur:hyronic_sur/misc/coming_soon"},{"type":"single","resource":"hyronic_sur:hyronic_sur/items_textures/bow/hospitality_0"},{"type":"single","resource":"_iainternal:icons/icon_back_orange"},{"type":"single","resource":"hyronic_sur:hyronic_sur/interface/gui_textures/skills/fishing"},{"type":"single","resource":"ae:items/block-tracker"},{"type":"single","resource":"modelengine:entity/em_heraldcape"},{"type":"single","resource":"hyronic_sur:hyronic_sur/items_textures/bow/hospitality_2"},{"type":"single","resource":"hyronic_sur:hyronic_sur/interface/gui_textures/skills/foraging"},{"type":"single","resource":"hyronic_sur:hyronic_sur/items_textures/bow/hospitality_1"},{"type":"single","resource":"hyronic_sur:hyronic_sur/interface/gui_textures/stats/abilitydamage"},{"type":"single","resource":"hyronic_sur:hyronic_sur/items_textures/accessory/uranium_ring"},{"type":"single","resource":"hyronic_sur:hyronic_sur/blocks_textures/mythril_ore"},{"type":"single","resource":"hyronic_sur:hyronic_sur/items_textures/materials/nightmare_bar"},{"type":"single","resource":"ae:items/tool-orb"},{"type":"single","resource":"ae:items/rc-legendary"},{"type":"single","resource":"_iainternal:icons/icon_right_blue"},{"type":"single","resource":"hyronic_sur:hyronic_sur/items_textures/fish/golden_crab"},{"type":"single","resource":"hyronic_sur:hyronic_sur/interface/gui_textures/stats/speed"},{"type":"single","resource":"required/recipe_showcase"},{"type":"single","resource":"hyronic_sur:hyronic_sur/interface/gui_textures/stats/damagereduction"},{"type":"single","resource":"hyronic_sur:hyronic_sur/interface/gui_textures/codex/mage"},{"type":"single","resource":"hyronic_sur:hyronic_sur/items_textures/sword/immolus"},{"type":"single","resource":"modelengine:entity/soldierswordanimated"},{"type":"single","resource":"hyronic_sur:hyronic_sur/items_textures/fish/moss_carp"},{"type":"single","resource":"modelengine:entity/boneshadin1xd"},{"type":"single","resource":"hyronic_sur:hyronic_sur/items_textures/staff/starcaller"},{"type":"single","resource":"hyronic_sur:hyronic_sur/items_textures/materials/silver_leaf"},{"type":"single","resource":"hyronic_sur:hyronic_sur/items_textures/potion/health_potion"},{"type":"single","resource":"hyronic_sur:hyronic_sur/items_textures/minerals/iridium_crystal"},{"type":"single","resource":"hyronic_sur:hyronic_sur/items_textures/accessory/iridium_claw"},{"type":"single","resource":"hyronic_sur:hyronic_sur/items_textures/accessory/bronze_badge"},{"type":"single","resource":"hyronic_sur:hyronic_sur/items_textures/minerals/uranium_debris"},{"type":"single","resource":"hyronic_sur:hyronic_sur/items_textures/sword/absolute_zero"}]}