{"parent":"item/handheld","textures":{"layer0":"item/bone"},"display":{"head":{"rotation":[0,0,-45],"translation":[0,-4.5,-6.5],"scale":[1,1,1]}},"overrides":[{"predicate":{"custom_model_data":1},"model":"hyronic_sur:ia_auto_gen/accessory1"},{"predicate":{"custom_model_data":2},"model":"hyronic_sur:ia_auto_gen/accessory2"},{"predicate":{"custom_model_data":3},"model":"hyronic_sur:ia_auto_gen/accessory3"},{"predicate":{"custom_model_data":4},"model":"hyronic_sur:ia_auto_gen/accessory4"},{"predicate":{"custom_model_data":5},"model":"hyronic_sur:ia_auto_gen/accessory5"},{"predicate":{"custom_model_data":6},"model":"hyronic_sur:ia_auto_gen/accessory6"},{"predicate":{"custom_model_data":7},"model":"hyronic_sur:ia_auto_gen/accessory7"},{"predicate":{"custom_model_data":8},"model":"hyronic_sur:ia_auto_gen/accessory8"},{"predicate":{"custom_model_data":9},"model":"hyronic_sur:ia_auto_gen/accessory9"},{"predicate":{"custom_model_data":10},"model":"hyronic_sur:ia_auto_gen/accessory10"},{"predicate":{"custom_model_data":11},"model":"hyronic_sur:ia_auto_gen/accessory11"},{"predicate":{"custom_model_data":12},"model":"hyronic_sur:ia_auto_gen/accessory12"},{"predicate":{"custom_model_data":13},"model":"hyronic_sur:ia_auto_gen/accessory13"},{"predicate":{"custom_model_data":14},"model":"hyronic_sur:ia_auto_gen/accessory14"},{"predicate":{"custom_model_data":15},"model":"hyronic_sur:ia_auto_gen/accessory15"},{"predicate":{"custom_model_data":16},"model":"hyronic_sur:ia_auto_gen/accessory16"},{"predicate":{"custom_model_data":17},"model":"hyronic_sur:ia_auto_gen/accessory17"},{"predicate":{"custom_model_data":18},"model":"hyronic_sur:ia_auto_gen/accessory18"},{"predicate":{"custom_model_data":19},"model":"item/bone"}]}