{"parent":"minecraft:item/generated","textures":{"layer0":"minecraft:item/book"},"overrides":[{"predicate":{"custom_model_data":1},"model":"hyronic_sur:ia_auto_gen/guis1"},{"predicate":{"custom_model_data":2},"model":"hyronic_sur:ia_auto_gen/guis2"},{"predicate":{"custom_model_data":3},"model":"hyronic_sur:ia_auto_gen/guis3"},{"predicate":{"custom_model_data":4},"model":"hyronic_sur:ia_auto_gen/guis4"},{"predicate":{"custom_model_data":5},"model":"hyronic_sur:ia_auto_gen/guis5"},{"predicate":{"custom_model_data":6},"model":"hyronic_sur:ia_auto_gen/guis6"},{"predicate":{"custom_model_data":7},"model":"hyronic_sur:ia_auto_gen/guis7"},{"predicate":{"custom_model_data":8},"model":"hyronic_sur:ia_auto_gen/guis8"},{"predicate":{"custom_model_data":9},"model":"hyronic_sur:ia_auto_gen/guis9"},{"predicate":{"custom_model_data":10},"model":"hyronic_sur:ia_auto_gen/guis10"},{"predicate":{"custom_model_data":12},"model":"hyronic_sur:ia_auto_gen/guis11"},{"predicate":{"custom_model_data":13},"model":"hyronic_sur:ia_auto_gen/guis12"},{"predicate":{"custom_model_data":14},"model":"hyronic_sur:ia_auto_gen/guis13"},{"predicate":{"custom_model_data":15},"model":"hyronic_sur:ia_auto_gen/guis14"},{"predicate":{"custom_model_data":16},"model":"hyronic_sur:ia_auto_gen/guis15"},{"predicate":{"custom_model_data":17},"model":"hyronic_sur:ia_auto_gen/guis16"},{"predicate":{"custom_model_data":18},"model":"hyronic_sur:ia_auto_gen/guis17"},{"predicate":{"custom_model_data":19},"model":"hyronic_sur:ia_auto_gen/guis18"},{"predicate":{"custom_model_data":20},"model":"hyronic_sur:ia_auto_gen/guis19"},{"predicate":{"custom_model_data":21},"model":"hyronic_sur:ia_auto_gen/guis20"},{"predicate":{"custom_model_data":22},"model":"hyronic_sur:ia_auto_gen/guis21"},{"predicate":{"custom_model_data":23},"model":"hyronic_sur:ia_auto_gen/guis22"},{"predicate":{"custom_model_data":24},"model":"hyronic_sur:ia_auto_gen/guis23"},{"predicate":{"custom_model_data":25},"model":"hyronic_sur:ia_auto_gen/guis24"},{"predicate":{"custom_model_data":26},"model":"hyronic_sur:ia_auto_gen/guis25"},{"predicate":{"custom_model_data":27},"model":"hyronic_sur:ia_auto_gen/guis26"},{"predicate":{"custom_model_data":28},"model":"hyronic_sur:ia_auto_gen/guis27"},{"predicate":{"custom_model_data":29},"model":"hyronic_sur:ia_auto_gen/guis28"},{"predicate":{"custom_model_data":30},"model":"hyronic_sur:ia_auto_gen/guis29"},{"predicate":{"custom_model_data":31},"model":"hyronic_sur:ia_auto_gen/guis30"},{"predicate":{"custom_model_data":32},"model":"hyronic_sur:ia_auto_gen/guis31"},{"predicate":{"custom_model_data":33},"model":"hyronic_sur:ia_auto_gen/guis32"},{"predicate":{"custom_model_data":34},"model":"hyronic_sur:ia_auto_gen/guis33"},{"predicate":{"custom_model_data":35},"model":"hyronic_sur:ia_auto_gen/guis34"},{"predicate":{"custom_model_data":36},"model":"hyronic_sur:ia_auto_gen/guis35"},{"predicate":{"custom_model_data":37},"model":"hyronic_sur:ia_auto_gen/guis36"},{"predicate":{"custom_model_data":38},"model":"hyronic_sur:ia_auto_gen/guis37"},{"predicate":{"custom_model_data":39},"model":"hyronic_sur:ia_auto_gen/guis38"},{"predicate":{"custom_model_data":40},"model":"hyronic_sur:ia_auto_gen/guis39"},{"predicate":{"custom_model_data":41},"model":"hyronic_sur:ia_auto_gen/guis40"},{"predicate":{"custom_model_data":42},"model":"hyronic_sur:ia_auto_gen/guis41"},{"predicate":{"custom_model_data":43},"model":"hyronic_sur:ia_auto_gen/guis42"},{"predicate":{"custom_model_data":44},"model":"hyronic_sur:ia_auto_gen/guis43"},{"predicate":{"custom_model_data":45},"model":"hyronic_sur:ia_auto_gen/guis44"},{"predicate":{"custom_model_data":46},"model":"hyronic_sur:ia_auto_gen/guis45"},{"predicate":{"custom_model_data":47},"model":"hyronic_sur:ia_auto_gen/guis46"},{"predicate":{"custom_model_data":48},"model":"hyronic_sur:ia_auto_gen/guis47"},{"predicate":{"custom_model_data":49},"model":"hyronic_sur:ia_auto_gen/guis48"},{"predicate":{"custom_model_data":50},"model":"hyronic_sur:ia_auto_gen/guis49"},{"predicate":{"custom_model_data":51},"model":"hyronic_sur:ia_auto_gen/guis50"},{"predicate":{"custom_model_data":52},"model":"hyronic_sur:ia_auto_gen/guis51"},{"predicate":{"custom_model_data":53},"model":"hyronic_sur:ia_auto_gen/guis52"},{"predicate":{"custom_model_data":54},"model":"hyronic_sur:ia_auto_gen/guis53"},{"predicate":{"custom_model_data":55},"model":"hyronic_sur:ia_auto_gen/guis54"},{"predicate":{"custom_model_data":59},"model":"hyronic_sur:ia_auto_gen/guis55"},{"predicate":{"custom_model_data":60},"model":"hyronic_sur:ia_auto_gen/guis56"},{"predicate":{"custom_model_data":61},"model":"hyronic_sur:ia_auto_gen/guis57"},{"predicate":{"custom_model_data":62},"model":"hyronic_sur:ia_auto_gen/guis58"},{"predicate":{"custom_model_data":63},"model":"hyronic_sur:ia_auto_gen/guis59"},{"predicate":{"custom_model_data":64},"model":"hyronic_sur:ia_auto_gen/guis60"},{"predicate":{"custom_model_data":65},"model":"hyronic_sur:ia_auto_gen/guis61"},{"predicate":{"custom_model_data":66},"model":"hyronic_sur:ia_auto_gen/guis62"},{"predicate":{"custom_model_data":67},"model":"hyronic_sur:ia_auto_gen/guis63"},{"predicate":{"custom_model_data":68},"model":"hyronic_sur:ia_auto_gen/guis64"},{"predicate":{"custom_model_data":69},"model":"hyronic_sur:ia_auto_gen/guis65"},{"predicate":{"custom_model_data":70},"model":"hyronic_sur:ia_auto_gen/guis66"},{"predicate":{"custom_model_data":71},"model":"hyronic_sur:ia_auto_gen/guis67"},{"predicate":{"custom_model_data":72},"model":"hyronic_sur:ia_auto_gen/guis68"},{"predicate":{"custom_model_data":73},"model":"hyronic_sur:ia_auto_gen/guis69"},{"predicate":{"custom_model_data":74},"model":"hyronic_sur:ia_auto_gen/guis70"},{"predicate":{"custom_model_data":75},"model":"hyronic_sur:ia_auto_gen/guis71"},{"predicate":{"custom_model_data":76},"model":"hyronic_sur:ia_auto_gen/guis72"},{"predicate":{"custom_model_data":77},"model":"hyronic_sur:ia_auto_gen/guis73"},{"predicate":{"custom_model_data":78},"model":"hyronic_sur:ia_auto_gen/guis74"},{"predicate":{"custom_model_data":79},"model":"hyronic_sur:ia_auto_gen/guis75"},{"predicate":{"custom_model_data":80},"model":"hyronic_sur:ia_auto_gen/guis76"},{"predicate":{"custom_model_data":81},"model":"hyronic_sur:ia_auto_gen/guis77"},{"predicate":{"custom_model_data":82},"model":"hyronic_sur:ia_auto_gen/guis78"},{"predicate":{"custom_model_data":83},"model":"hyronic_sur:ia_auto_gen/guis79"},{"predicate":{"custom_model_data":84},"model":"hyronic_sur:ia_auto_gen/guis80"},{"predicate":{"custom_model_data":85},"model":"hyronic_sur:ia_auto_gen/guis81"},{"predicate":{"custom_model_data":86},"model":"hyronic_sur:ia_auto_gen/guis82"},{"predicate":{"custom_model_data":87},"model":"hyronic_sur:ia_auto_gen/guis83"},{"predicate":{"custom_model_data":88},"model":"hyronic_sur:ia_auto_gen/guis84"},{"predicate":{"custom_model_data":89},"model":"hyronic_sur:ia_auto_gen/guis85"},{"predicate":{"custom_model_data":90},"model":"hyronic_sur:ia_auto_gen/guis86"},{"predicate":{"custom_model_data":91},"model":"hyronic_sur:ia_auto_gen/guis87"},{"predicate":{"custom_model_data":92},"model":"hyronic_sur:ia_auto_gen/guis88"},{"predicate":{"custom_model_data":93},"model":"hyronic_sur:ia_auto_gen/guis89"},{"predicate":{"custom_model_data":94},"model":"hyronic_sur:ia_auto_gen/guis90"},{"predicate":{"custom_model_data":95},"model":"hyronic_sur:ia_auto_gen/guis91"},{"predicate":{"custom_model_data":96},"model":"hyronic_sur:ia_auto_gen/guis92"},{"predicate":{"custom_model_data":97},"model":"hyronic_sur:ia_auto_gen/guis93"},{"predicate":{"custom_model_data":98},"model":"hyronic_sur:ia_auto_gen/guis94"},{"predicate":{"custom_model_data":99},"model":"hyronic_sur:ia_auto_gen/guis95"},{"predicate":{"custom_model_data":100},"model":"hyronic_sur:ia_auto_gen/guis96"},{"predicate":{"custom_model_data":102},"model":"hyronic_sur:ia_auto_gen/guis97"},{"predicate":{"custom_model_data":103},"model":"hyronic_sur:ia_auto_gen/guis98"},{"predicate":{"custom_model_data":104},"model":"hyronic_sur:ia_auto_gen/guis99"},{"predicate":{"custom_model_data":109},"model":"hyronic_sur:ia_auto_gen/guis104"},{"predicate":{"custom_model_data":110},"model":"hyronic_sur:ia_auto_gen/nothingslot"},{"predicate":{"custom_model_data":111},"model":"hyronic_sur:ia_auto_gen/guis105"},{"predicate":{"custom_model_data":112},"model":"hyronic_sur:ia_auto_gen/guis106"},{"predicate":{"custom_model_data":114},"model":"hyronic_sur:ia_auto_gen/guis107"},{"predicate":{"custom_model_data":115},"model":"hyronic_sur:ia_auto_gen/guis108"},{"predicate":{"custom_model_data":116},"model":"hyronic_sur:ia_auto_gen/guis110"},{"predicate":{"custom_model_data":117},"model":"hyronic_sur:ia_auto_gen/guis111"},{"predicate":{"custom_model_data":118},"model":"hyronic_sur:ia_auto_gen/guis112"},{"predicate":{"custom_model_data":119},"model":"item/book"}]}