{"parent":"minecraft:item/handheld","textures":{"layer0":"minecraft:item/diamond_hoe"},"overrides":[{"predicate":{"custom_model_data":1},"model":"hyronic_sur:ia_auto_gen/mmoinventory_helmet"},{"predicate":{"custom_model_data":2},"model":"hyronic_sur:ia_auto_gen/mmoinventory_chestplate"},{"predicate":{"custom_model_data":3},"model":"hyronic_sur:ia_auto_gen/mmoinventory_leggings"},{"predicate":{"custom_model_data":4},"model":"hyronic_sur:ia_auto_gen/mmoinventory_boots"},{"predicate":{"custom_model_data":10},"model":"hyronic_sur:ia_auto_gen/mmoinventory_artifact_1"},{"predicate":{"custom_model_data":11},"model":"hyronic_sur:ia_auto_gen/mmoinventory_emblem"},{"predicate":{"custom_model_data":14},"model":"hyronic_sur:ia_auto_gen/mmoinventory_off_hand"},{"predicate":{"custom_model_data":15},"model":"item/diamond_hoe"}]}