{"parent":"minecraft:item/generated","textures":{"layer0":"minecraft:item/emerald"},"overrides":[{"predicate":{"custom_model_data":1},"model":"hyronic_sur:ia_auto_gen/rune1"},{"predicate":{"custom_model_data":2},"model":"hyronic_sur:ia_auto_gen/rune2"},{"predicate":{"custom_model_data":3},"model":"hyronic_sur:ia_auto_gen/rune3"},{"predicate":{"custom_model_data":4},"model":"hyronic_sur:ia_auto_gen/rune4"},{"predicate":{"custom_model_data":5},"model":"hyronic_sur:ia_auto_gen/rune5"},{"predicate":{"custom_model_data":6},"model":"hyronic_sur:ia_auto_gen/rune6"},{"predicate":{"custom_model_data":7},"model":"hyronic_sur:ia_auto_gen/rune7"},{"predicate":{"custom_model_data":8},"model":"hyronic_sur:ia_auto_gen/rune8"},{"predicate":{"custom_model_data":9},"model":"hyronic_sur:ia_auto_gen/rune9"},{"predicate":{"custom_model_data":10},"model":"hyronic_sur:ia_auto_gen/rune10"},{"predicate":{"custom_model_data":11},"model":"hyronic_sur:ia_auto_gen/rune11"},{"predicate":{"custom_model_data":12},"model":"hyronic_sur:ia_auto_gen/rune12"},{"predicate":{"custom_model_data":13},"model":"hyronic_sur:ia_auto_gen/rune13"},{"predicate":{"custom_model_data":14},"model":"hyronic_sur:ia_auto_gen/rune14"},{"predicate":{"custom_model_data":15},"model":"hyronic_sur:ia_auto_gen/rune15"},{"predicate":{"custom_model_data":100},"model":"hyronic_sur:ia_auto_gen/derunator"},{"predicate":{"custom_model_data":101},"model":"item/emerald"}]}