{"parent":"minecraft:item/generated","textures":{"layer0":"minecraft:item/flint"},"overrides":[{"predicate":{"custom_model_data":1},"model":"ae:ia_auto_gen/rename-feather"},{"predicate":{"custom_model_data":2},"model":"ae:ia_auto_gen/soul-gem"},{"predicate":{"custom_model_data":3},"model":"ae:ia_auto_gen/lucky-gem"},{"predicate":{"custom_model_data":4},"model":"ae:ia_auto_gen/secret-gem"},{"predicate":{"custom_model_data":5},"model":"ae:ia_auto_gen/randomization-gem"},{"predicate":{"custom_model_data":6},"model":"ae:ia_auto_gen/armor-orb"},{"predicate":{"custom_model_data":7},"model":"ae:ia_auto_gen/weapon-orb"},{"predicate":{"custom_model_data":8},"model":"ae:ia_auto_gen/tool-orb"},{"predicate":{"custom_model_data":9},"model":"ae:ia_auto_gen/kill-tracker"},{"predicate":{"custom_model_data":10},"model":"ae:ia_auto_gen/mob-tracker"},{"predicate":{"custom_model_data":11},"model":"ae:ia_auto_gen/block-tracker"},{"predicate":{"custom_model_data":12},"model":"ae:ia_auto_gen/protection-scroll"},{"predicate":{"custom_model_data":13},"model":"ae:ia_auto_gen/remove-scroll"},{"predicate":{"custom_model_data":14},"model":"ae:ia_auto_gen/slot-scroll"},{"predicate":{"custom_model_data":15},"model":"ae:ia_auto_gen/soulbound-scroll"},{"predicate":{"custom_model_data":16},"model":"ae:ia_auto_gen/transmog-scroll"},{"predicate":{"custom_model_data":17},"model":"ae:ia_auto_gen/soul-tracker"},{"predicate":{"custom_model_data":18},"model":"ae:ia_auto_gen/rc-simple"},{"predicate":{"custom_model_data":19},"model":"ae:ia_auto_gen/rc-unique"},{"predicate":{"custom_model_data":20},"model":"ae:ia_auto_gen/rc-elite"},{"predicate":{"custom_model_data":21},"model":"ae:ia_auto_gen/rc-ultimate"},{"predicate":{"custom_model_data":22},"model":"ae:ia_auto_gen/rc-legendary"},{"predicate":{"custom_model_data":9999},"model":"ae:ia_auto_gen/empty"},{"predicate":{"custom_model_data":10000},"model":"item/flint"}]}