{"parent":"minecraft:item/generated","textures":{"layer0":"minecraft:item/ghast_tear"},"overrides":[{"predicate":{"custom_model_data":1},"model":"hyronic_sur:ia_auto_gen/mythril_ore"},{"predicate":{"custom_model_data":2},"model":"hyronic_sur:ia_auto_gen/orichalcum_ore"},{"predicate":{"custom_model_data":3},"model":"hyronic_sur:ia_auto_gen/titanium_ore"},{"predicate":{"custom_model_data":4},"model":"hyronic_sur:ia_auto_gen/iridium_ore"},{"predicate":{"custom_model_data":5},"model":"hyronic_sur:ia_auto_gen/uranium_ore"},{"predicate":{"custom_model_data":6},"model":"item/ghast_tear"}]}