{"parent":"minecraft:item/generated","textures":{"layer0":"minecraft:item/glass_bottle"},"overrides":[{"predicate":{"custom_model_data":1},"model":"hyronic_sur:ia_auto_gen/pot1"},{"predicate":{"custom_model_data":2},"model":"hyronic_sur:ia_auto_gen/pot2"},{"predicate":{"custom_model_data":3},"model":"hyronic_sur:ia_auto_gen/pot3"},{"predicate":{"custom_model_data":4},"model":"hyronic_sur:ia_auto_gen/pot4"},{"predicate":{"custom_model_data":5},"model":"hyronic_sur:ia_auto_gen/pot5"},{"predicate":{"custom_model_data":6},"model":"hyronic_sur:ia_auto_gen/pot6"},{"predicate":{"custom_model_data":7},"model":"hyronic_sur:ia_auto_gen/pot7"},{"predicate":{"custom_model_data":8},"model":"hyronic_sur:ia_auto_gen/pot8"},{"predicate":{"custom_model_data":9},"model":"item/glass_bottle"}]}