{"parent":"minecraft:item/handheld","textures":{"layer0":"minecraft:item/iron_sword"},"overrides":[{"predicate":{"custom_model_data":1},"model":"hyronic_sur:ia_auto_gen/sword1"},{"predicate":{"custom_model_data":2},"model":"hyronic_sur:ia_auto_gen/sword2"},{"predicate":{"custom_model_data":3},"model":"hyronic_sur:ia_auto_gen/sword3"},{"predicate":{"custom_model_data":4},"model":"hyronic_sur:ia_auto_gen/sword4"},{"predicate":{"custom_model_data":5},"model":"hyronic_sur:ia_auto_gen/sword5"},{"predicate":{"custom_model_data":6},"model":"hyronic_sur:ia_auto_gen/sword6"},{"predicate":{"custom_model_data":7},"model":"hyronic_sur:ia_auto_gen/sword7"},{"predicate":{"custom_model_data":8},"model":"hyronic_sur:ia_auto_gen/sword8"},{"predicate":{"custom_model_data":9},"model":"hyronic_sur:ia_auto_gen/sword9"},{"predicate":{"custom_model_data":10},"model":"hyronic_sur:ia_auto_gen/sword10"},{"predicate":{"custom_model_data":11},"model":"hyronic_sur:ia_auto_gen/sword11"},{"predicate":{"custom_model_data":12},"model":"hyronic_sur:ia_auto_gen/sword12"},{"predicate":{"custom_model_data":13},"model":"hyronic_sur:ia_auto_gen/sword13"},{"predicate":{"custom_model_data":14},"model":"item/iron_sword"}]}