{"parent":"minecraft:item/generated","textures":{"layer0":"minecraft:item/leather_horse_armor"},"overrides":[{"predicate":{"custom_model_data":1},"model":"modelengine:fallenravager/hip"},{"predicate":{"custom_model_data":2},"model":"modelengine:fallenravager/chest"},{"predicate":{"custom_model_data":3},"model":"modelengine:fallenravager/cloak_a"},{"predicate":{"custom_model_data":4},"model":"modelengine:fallenravager/cloak_b"},{"predicate":{"custom_model_data":5},"model":"modelengine:fallenravager/cloak_c"},{"predicate":{"custom_model_data":6},"model":"modelengine:fallenravager/cloak_d1"},{"predicate":{"custom_model_data":7},"model":"modelengine:fallenravager/cloak_d2"},{"predicate":{"custom_model_data":8},"model":"modelengine:fallenravager/left_shoulder"},{"predicate":{"custom_model_data":9},"model":"modelengine:fallenravager/left_arm"},{"predicate":{"custom_model_data":10},"model":"modelengine:fallenravager/left_forearm"},{"predicate":{"custom_model_data":11},"model":"modelengine:fallenravager/right_arm"},{"predicate":{"custom_model_data":12},"model":"modelengine:fallenravager/right_forearm"},{"predicate":{"custom_model_data":13},"model":"modelengine:fallenravager/hand"},{"predicate":{"custom_model_data":14},"model":"modelengine:fallenravager/axe"},{"predicate":{"custom_model_data":15},"model":"modelengine:fallenravager/head"},{"predicate":{"custom_model_data":16},"model":"modelengine:fallenravager/right_leg"},{"predicate":{"custom_model_data":17},"model":"modelengine:fallenravager/right_shin"},{"predicate":{"custom_model_data":18},"model":"modelengine:fallenravager/right_foot"},{"predicate":{"custom_model_data":19},"model":"modelengine:fallenravager/left_leg"},{"predicate":{"custom_model_data":20},"model":"modelengine:fallenravager/left_shin"},{"predicate":{"custom_model_data":21},"model":"modelengine:fallenravager/left_foot"},{"predicate":{"custom_model_data":22},"model":"modelengine:fallenravager/fravager_chipcitums"},{"predicate":{"custom_model_data":23},"model":"modelengine:fallenravager2/hip"},{"predicate":{"custom_model_data":24},"model":"modelengine:fallenravager2/chest"},{"predicate":{"custom_model_data":25},"model":"modelengine:fallenravager2/cloak_a"},{"predicate":{"custom_model_data":26},"model":"modelengine:fallenravager2/cloak_b"},{"predicate":{"custom_model_data":27},"model":"modelengine:fallenravager2/cloak_c"},{"predicate":{"custom_model_data":28},"model":"modelengine:fallenravager2/cloak_d1"},{"predicate":{"custom_model_data":29},"model":"modelengine:fallenravager2/cloak_d3"},{"predicate":{"custom_model_data":30},"model":"modelengine:fallenravager2/cloak_d2"},{"predicate":{"custom_model_data":31},"model":"modelengine:fallenravager2/left_shoulder"},{"predicate":{"custom_model_data":32},"model":"modelengine:fallenravager2/left_arm"},{"predicate":{"custom_model_data":33},"model":"modelengine:fallenravager2/left_forearm"},{"predicate":{"custom_model_data":34},"model":"modelengine:fallenravager2/right_arm"},{"predicate":{"custom_model_data":35},"model":"modelengine:fallenravager2/right_forearm"},{"predicate":{"custom_model_data":36},"model":"modelengine:fallenravager2/hand"},{"predicate":{"custom_model_data":37},"model":"modelengine:fallenravager2/axe"},{"predicate":{"custom_model_data":38},"model":"modelengine:fallenravager2/head"},{"predicate":{"custom_model_data":39},"model":"modelengine:fallenravager2/right_leg"},{"predicate":{"custom_model_data":40},"model":"modelengine:fallenravager2/right_shin"},{"predicate":{"custom_model_data":41},"model":"modelengine:fallenravager2/right_foot"},{"predicate":{"custom_model_data":42},"model":"modelengine:fallenravager2/left_leg"},{"predicate":{"custom_model_data":43},"model":"modelengine:fallenravager2/left_shin"},{"predicate":{"custom_model_data":44},"model":"modelengine:fallenravager2/left_foot"},{"predicate":{"custom_model_data":45},"model":"modelengine:fallenravager3/axe"},{"predicate":{"custom_model_data":46},"model":"modelengine:fallenravager3/hip"},{"predicate":{"custom_model_data":47},"model":"modelengine:fallenravager3/chest"},{"predicate":{"custom_model_data":48},"model":"modelengine:fallenravager3/cloak_a"},{"predicate":{"custom_model_data":49},"model":"modelengine:fallenravager3/cloak_b"},{"predicate":{"custom_model_data":50},"model":"modelengine:fallenravager3/cloak_c"},{"predicate":{"custom_model_data":51},"model":"modelengine:fallenravager3/cloak_d1"},{"predicate":{"custom_model_data":52},"model":"modelengine:fallenravager3/cloak_d2"},{"predicate":{"custom_model_data":53},"model":"modelengine:fallenravager3/left_shoulder"},{"predicate":{"custom_model_data":54},"model":"modelengine:fallenravager3/left_arm"},{"predicate":{"custom_model_data":55},"model":"modelengine:fallenravager3/right_arm"},{"predicate":{"custom_model_data":56},"model":"modelengine:fallenravager3/right_leg"},{"predicate":{"custom_model_data":57},"model":"modelengine:fallenravager3/right_shin"},{"predicate":{"custom_model_data":58},"model":"modelengine:fallenravager3/right_foot"},{"predicate":{"custom_model_data":59},"model":"modelengine:fallenravager3/left_leg"},{"predicate":{"custom_model_data":60},"model":"modelengine:fallenravager3/left_shin"},{"predicate":{"custom_model_data":61},"model":"modelengine:fallenravager3/left_foot"},{"predicate":{"custom_model_data":62},"model":"modelengine:fallenravager3/left_forearm"},{"predicate":{"custom_model_data":63},"model":"modelengine:fallenravager3/right_forearm"},{"predicate":{"custom_model_data":64},"model":"modelengine:fallenravager3/hand"},{"predicate":{"custom_model_data":65},"model":"modelengine:fallenravager3/head"},{"predicate":{"custom_model_data":66},"model":"modelengine:fhero_fireexplosion/frame1"},{"predicate":{"custom_model_data":67},"model":"modelengine:fhero_shockwave/frame1"},{"predicate":{"custom_model_data":68},"model":"modelengine:fhero_shockwave2/frame1"},{"predicate":{"custom_model_data":69},"model":"modelengine:fhero_supershockwave/rswa_1"},{"predicate":{"custom_model_data":70},"model":"modelengine:fhero_supershockwave/rswa_2"},{"predicate":{"custom_model_data":71},"model":"modelengine:fhero_supershockwave/rswa_3"},{"predicate":{"custom_model_data":72},"model":"modelengine:fhero_supershockwave/rswa_4"},{"predicate":{"custom_model_data":73},"model":"modelengine:firexplosion_resources/frame1"},{"predicate":{"custom_model_data":74},"model":"modelengine:firexplosion_resources/frame2"},{"predicate":{"custom_model_data":75},"model":"modelengine:firexplosion_resources/frame3"},{"predicate":{"custom_model_data":76},"model":"modelengine:firexplosion_resources/frame4"},{"predicate":{"custom_model_data":77},"model":"modelengine:firexplosion_resources/frame5"},{"predicate":{"custom_model_data":78},"model":"modelengine:firexplosion_resources/frame6"},{"predicate":{"custom_model_data":79},"model":"modelengine:firexplosion_resources/frame7"},{"predicate":{"custom_model_data":80},"model":"modelengine:firexplosion_resources/frame8"},{"predicate":{"custom_model_data":81},"model":"modelengine:firexplosion_resources/explosionb1"},{"predicate":{"custom_model_data":82},"model":"modelengine:firexplosion_resources/explosionb2"},{"predicate":{"custom_model_data":83},"model":"modelengine:firexplosion_resources/explosionb3"},{"predicate":{"custom_model_data":84},"model":"modelengine:firexplosion_resources/explosionb4"},{"predicate":{"custom_model_data":85},"model":"modelengine:firexplosion_resources/explosionb5"},{"predicate":{"custom_model_data":86},"model":"modelengine:firexplosion_resources/explosionb6"},{"predicate":{"custom_model_data":87},"model":"modelengine:firexplosion_resources/explosionb7"},{"predicate":{"custom_model_data":88},"model":"modelengine:firexplosion_resources/explosionb8"},{"predicate":{"custom_model_data":89},"model":"modelengine:firexplosion_resources/explosionb9"},{"predicate":{"custom_model_data":90},"model":"modelengine:firexplosion_resources/explosionb10"},{"predicate":{"custom_model_data":91},"model":"modelengine:firexplosion_resources/explosionb11"},{"predicate":{"custom_model_data":92},"model":"modelengine:firexplosion_resources/explosionb12"},{"predicate":{"custom_model_data":93},"model":"modelengine:firexplosion_resources/ravage1"},{"predicate":{"custom_model_data":94},"model":"modelengine:firexplosion_resources/ravage2"},{"predicate":{"custom_model_data":95},"model":"modelengine:firexplosion_resources/ravage3"},{"predicate":{"custom_model_data":96},"model":"modelengine:firexplosion_resources/ravage4"},{"predicate":{"custom_model_data":97},"model":"modelengine:firexplosion_resources/ravage5"},{"predicate":{"custom_model_data":98},"model":"modelengine:firexplosion_resources/ravage6"},{"predicate":{"custom_model_data":99},"model":"modelengine:firexplosion_resources/ravage7"},{"predicate":{"custom_model_data":100},"model":"modelengine:firexplosion_resources/ravage8"},{"predicate":{"custom_model_data":101},"model":"modelengine:firexplosion_resources/ravage9"},{"predicate":{"custom_model_data":102},"model":"modelengine:firexplosion_resources/ravage10"},{"predicate":{"custom_model_data":103},"model":"modelengine:firexplosion_resources/ravage11"},{"predicate":{"custom_model_data":104},"model":"modelengine:firexplosion_resources/ravage12"},{"predicate":{"custom_model_data":105},"model":"modelengine:firexplosion_resources/ravage13"},{"predicate":{"custom_model_data":106},"model":"modelengine:firexplosion_resources/ravage14"},{"predicate":{"custom_model_data":107},"model":"modelengine:firexplosion_resources/ravage15"},{"predicate":{"custom_model_data":108},"model":"modelengine:firexplosion_resources/ravage16"},{"predicate":{"custom_model_data":109},"model":"modelengine:firexplosion_resources/ravage17"},{"predicate":{"custom_model_data":110},"model":"modelengine:firexplosion_resources/ravage18"},{"predicate":{"custom_model_data":111},"model":"modelengine:firexplosion_resources/ravage19"},{"predicate":{"custom_model_data":112},"model":"modelengine:firexplosion_resources/ravage20"},{"predicate":{"custom_model_data":113},"model":"modelengine:firexplosion_resources/ravage21"},{"predicate":{"custom_model_data":114},"model":"modelengine:firexplosion_resources/ravage22"},{"predicate":{"custom_model_data":115},"model":"modelengine:firexplosion_resources/ravage23"},{"predicate":{"custom_model_data":116},"model":"modelengine:firexplosion_resources/ravage24"},{"predicate":{"custom_model_data":117},"model":"modelengine:firexplosion_resources/ravage25"},{"predicate":{"custom_model_data":118},"model":"modelengine:firexplosion_resources/ravageb1"},{"predicate":{"custom_model_data":119},"model":"modelengine:firexplosion_resources/ravageb2"},{"predicate":{"custom_model_data":120},"model":"modelengine:firexplosion_resources/ravageb3"},{"predicate":{"custom_model_data":121},"model":"modelengine:firexplosion_resources/ravageb4"},{"predicate":{"custom_model_data":122},"model":"modelengine:firexplosion_resources/ravageb5"},{"predicate":{"custom_model_data":123},"model":"modelengine:firexplosion_resources/ravageb6"},{"predicate":{"custom_model_data":124},"model":"modelengine:firexplosion_resources/ravageb7"},{"predicate":{"custom_model_data":125},"model":"modelengine:firexplosion_resources/ravageb8"},{"predicate":{"custom_model_data":126},"model":"modelengine:firexplosion_resources/ravageb9"},{"predicate":{"custom_model_data":127},"model":"modelengine:firexplosion_resources/ravageb10"},{"predicate":{"custom_model_data":128},"model":"modelengine:firexplosion_resources/ravageb11"},{"predicate":{"custom_model_data":129},"model":"modelengine:firexplosion_resources/ravageb12"},{"predicate":{"custom_model_data":130},"model":"modelengine:firexplosion_resources/ravageb13"},{"predicate":{"custom_model_data":131},"model":"modelengine:firexplosion_resources/ravageb14"},{"predicate":{"custom_model_data":132},"model":"modelengine:firexplosion_resources/ravageb15"},{"predicate":{"custom_model_data":133},"model":"modelengine:firexplosion_resources/fb1"},{"predicate":{"custom_model_data":134},"model":"modelengine:firexplosion_resources/fb2"},{"predicate":{"custom_model_data":135},"model":"modelengine:firexplosion_resources/fb3"},{"predicate":{"custom_model_data":136},"model":"modelengine:firexplosion_resources/fb4"},{"predicate":{"custom_model_data":137},"model":"modelengine:firexplosion_resources/fb5"},{"predicate":{"custom_model_data":138},"model":"modelengine:firexplosion_resources/fb6"},{"predicate":{"custom_model_data":139},"model":"modelengine:firexplosion_resources/fb7"},{"predicate":{"custom_model_data":140},"model":"modelengine:firexplosion_resources/fb8"},{"predicate":{"custom_model_data":141},"model":"modelengine:firexplosion_resources/fb9"},{"predicate":{"custom_model_data":142},"model":"modelengine:firexplosion_resources/fb10"},{"predicate":{"custom_model_data":143},"model":"modelengine:firexplosion_resources/fb11"},{"predicate":{"custom_model_data":144},"model":"modelengine:firexplosion_resources/fb12"},{"predicate":{"custom_model_data":145},"model":"modelengine:firexplosion_resources/fb13"},{"predicate":{"custom_model_data":146},"model":"modelengine:firexplosion_resources/fb14"},{"predicate":{"custom_model_data":147},"model":"modelengine:firexplosion_resources/fb15"},{"predicate":{"custom_model_data":148},"model":"modelengine:firexplosion_resources/fb16"},{"predicate":{"custom_model_data":149},"model":"modelengine:firexplosion_resources/fb17"},{"predicate":{"custom_model_data":150},"model":"modelengine:firexplosion_resources/fb18"},{"predicate":{"custom_model_data":151},"model":"modelengine:firexplosion_resources/fb19"},{"predicate":{"custom_model_data":152},"model":"modelengine:firexplosion_resources/fb20"},{"predicate":{"custom_model_data":153},"model":"modelengine:firexplosion_resources/rsw1"},{"predicate":{"custom_model_data":154},"model":"modelengine:firexplosion_resources/rsw2"},{"predicate":{"custom_model_data":155},"model":"modelengine:firexplosion_resources/rsw3"},{"predicate":{"custom_model_data":156},"model":"modelengine:firexplosion_resources/rsw4"},{"predicate":{"custom_model_data":157},"model":"modelengine:firexplosion_resources/rsw5"},{"predicate":{"custom_model_data":158},"model":"modelengine:firexplosion_resources/rsw6"},{"predicate":{"custom_model_data":159},"model":"modelengine:firexplosion_resources/rsw7"},{"predicate":{"custom_model_data":160},"model":"modelengine:firexplosion_resources/rsw8"},{"predicate":{"custom_model_data":161},"model":"modelengine:firexplosion_resources/rsw9"},{"predicate":{"custom_model_data":162},"model":"modelengine:firexplosion_resources/rsw10"},{"predicate":{"custom_model_data":163},"model":"modelengine:firexplosion_resources/rsw11"},{"predicate":{"custom_model_data":164},"model":"modelengine:firexplosion_resources/rsw12"},{"predicate":{"custom_model_data":165},"model":"modelengine:firexplosion_resources/rsw13"},{"predicate":{"custom_model_data":166},"model":"modelengine:firexplosion_resources/rsw14"},{"predicate":{"custom_model_data":167},"model":"modelengine:firexplosion_resources/rwsb1"},{"predicate":{"custom_model_data":168},"model":"modelengine:firexplosion_resources/rwsb2"},{"predicate":{"custom_model_data":169},"model":"modelengine:firexplosion_resources/rwsb3"},{"predicate":{"custom_model_data":170},"model":"modelengine:firexplosion_resources/rwsb4"},{"predicate":{"custom_model_data":171},"model":"modelengine:firexplosion_resources/rwsb5"},{"predicate":{"custom_model_data":172},"model":"modelengine:firexplosion_resources/rwsb6"},{"predicate":{"custom_model_data":173},"model":"modelengine:firexplosion_resources/rwsb7"},{"predicate":{"custom_model_data":174},"model":"modelengine:firexplosion_resources/rwsb8"},{"predicate":{"custom_model_data":175},"model":"modelengine:firexplosion_resources/rwsb9"},{"predicate":{"custom_model_data":176},"model":"modelengine:firexplosion_resources/rwsb10"},{"predicate":{"custom_model_data":177},"model":"modelengine:firexplosion_resources/rwsb11"},{"predicate":{"custom_model_data":178},"model":"modelengine:firexplosion_resources/rwsb12"},{"predicate":{"custom_model_data":179},"model":"modelengine:firexplosion_resources/rwsb13"},{"predicate":{"custom_model_data":180},"model":"modelengine:firexplosion_resources/rwsb14"},{"predicate":{"custom_model_data":181},"model":"modelengine:fravager_shockwaveresources/rswa_1"},{"predicate":{"custom_model_data":182},"model":"modelengine:fravager_shockwaveresources/rswa_2"},{"predicate":{"custom_model_data":183},"model":"modelengine:fravager_shockwaveresources/rswa_3"},{"predicate":{"custom_model_data":184},"model":"modelengine:fravager_shockwaveresources/rswa_4"},{"predicate":{"custom_model_data":185},"model":"modelengine:fravager_shockwaveresources/rswb_1"},{"predicate":{"custom_model_data":186},"model":"modelengine:fravager_shockwaveresources/rswb_2"},{"predicate":{"custom_model_data":187},"model":"modelengine:fravager_shockwaveresources/rswb_3"},{"predicate":{"custom_model_data":188},"model":"modelengine:fravager_shockwaveresources/rswb_4"},{"predicate":{"custom_model_data":189},"model":"modelengine:fravager_shockwaveresources/rswc_1"},{"predicate":{"custom_model_data":190},"model":"modelengine:fravager_shockwaveresources/rswc_2"},{"predicate":{"custom_model_data":191},"model":"modelengine:fravager_shockwaveresources/rswc_3"},{"predicate":{"custom_model_data":192},"model":"modelengine:fravager_shockwaveresources/rswc_4"},{"predicate":{"custom_model_data":193},"model":"modelengine:fravager_shockwaveresources/rswd_1"},{"predicate":{"custom_model_data":194},"model":"modelengine:fravager_shockwaveresources/rswd_2"},{"predicate":{"custom_model_data":195},"model":"modelengine:fravager_shockwaveresources/rswd_3"},{"predicate":{"custom_model_data":196},"model":"modelengine:fravager_shockwaveresources/rswd_4"},{"predicate":{"custom_model_data":197},"model":"modelengine:fravager_shockwaveresources/rswe_1"},{"predicate":{"custom_model_data":198},"model":"modelengine:fravager_shockwaveresources/rswe_2"},{"predicate":{"custom_model_data":199},"model":"modelengine:fravager_shockwaveresources/rswe_3"},{"predicate":{"custom_model_data":200},"model":"modelengine:fravager_shockwaveresources/rswe_4"},{"predicate":{"custom_model_data":201},"model":"modelengine:fravager_shockwaveresources/rswf_1"},{"predicate":{"custom_model_data":202},"model":"modelengine:fravager_shockwaveresources/rswf_2"},{"predicate":{"custom_model_data":203},"model":"modelengine:fravager_shockwaveresources/rswf_3"},{"predicate":{"custom_model_data":204},"model":"modelengine:fravager_shockwaveresources/rswf_4"},{"predicate":{"custom_model_data":205},"model":"modelengine:fravager_shockwaveresources/rswg_1"},{"predicate":{"custom_model_data":206},"model":"modelengine:fravager_shockwaveresources/rswg_2"},{"predicate":{"custom_model_data":207},"model":"modelengine:fravager_shockwaveresources/rswg_3"},{"predicate":{"custom_model_data":208},"model":"modelengine:fravager_shockwaveresources/rswg_4"},{"predicate":{"custom_model_data":209},"model":"modelengine:fravager_shockwaveresources/rswh_1"},{"predicate":{"custom_model_data":210},"model":"modelengine:fravager_shockwaveresources/rswh_2"},{"predicate":{"custom_model_data":211},"model":"modelengine:fravager_shockwaveresources/rswh_3"},{"predicate":{"custom_model_data":212},"model":"modelengine:fravager_shockwaveresources/rswh_4"},{"predicate":{"custom_model_data":213},"model":"modelengine:fravager_shockwaveresources/rswi_1"},{"predicate":{"custom_model_data":214},"model":"modelengine:fravager_shockwaveresources/rswi_2"},{"predicate":{"custom_model_data":215},"model":"modelengine:fravager_shockwaveresources/rswi_3"},{"predicate":{"custom_model_data":216},"model":"modelengine:fravager_shockwaveresources/rswi_4"},{"predicate":{"custom_model_data":217},"model":"modelengine:fravager_shockwaveresources/rswj_1"},{"predicate":{"custom_model_data":218},"model":"modelengine:fravager_shockwaveresources/rswj_2"},{"predicate":{"custom_model_data":219},"model":"modelengine:fravager_shockwaveresources/rswj_3"},{"predicate":{"custom_model_data":220},"model":"modelengine:fravager_shockwaveresources/rswj_4"},{"predicate":{"custom_model_data":221},"model":"modelengine:fravager_shockwaveresources/rswk_1"},{"predicate":{"custom_model_data":222},"model":"modelengine:fravager_shockwaveresources/rswk_2"},{"predicate":{"custom_model_data":223},"model":"modelengine:fravager_shockwaveresources/rswk_3"},{"predicate":{"custom_model_data":224},"model":"modelengine:fravager_shockwaveresources/rswk_4"},{"predicate":{"custom_model_data":225},"model":"modelengine:fravager_shockwaveresources/rswl_1"},{"predicate":{"custom_model_data":226},"model":"modelengine:fravager_shockwaveresources/rswl_2"},{"predicate":{"custom_model_data":227},"model":"modelengine:fravager_shockwaveresources/rswl_3"},{"predicate":{"custom_model_data":228},"model":"modelengine:fravager_shockwaveresources/rswl_4"},{"predicate":{"custom_model_data":229},"model":"modelengine:fravager_shockwaveresources/rswm_1"},{"predicate":{"custom_model_data":230},"model":"modelengine:fravager_shockwaveresources/rswm_2"},{"predicate":{"custom_model_data":231},"model":"modelengine:fravager_shockwaveresources/rswm_3"},{"predicate":{"custom_model_data":232},"model":"modelengine:fravager_shockwaveresources/rswm_4"},{"predicate":{"custom_model_data":233},"model":"modelengine:fravager_shockwaveresources/rswn_1"},{"predicate":{"custom_model_data":234},"model":"modelengine:fravager_shockwaveresources/rswn_2"},{"predicate":{"custom_model_data":235},"model":"modelengine:fravager_shockwaveresources/rswn_3"},{"predicate":{"custom_model_data":236},"model":"modelengine:fravager_shockwaveresources/rswn_4"},{"predicate":{"custom_model_data":237},"model":"modelengine:ravage_effectus_xd/ravage1"},{"predicate":{"custom_model_data":238},"model":"modelengine:ravager_fire_blade/llamus"},{"predicate":{"custom_model_data":239},"model":"modelengine:ravager_fireblade2/fb1"},{"predicate":{"custom_model_data":240},"model":"modelengine:ravagerstatue/core"},{"predicate":{"custom_model_data":241},"model":"modelengine:ravagerstatue/right_arm"},{"predicate":{"custom_model_data":242},"model":"modelengine:ravagerstatue/right_forearm"},{"predicate":{"custom_model_data":243},"model":"modelengine:ravagerstatue/hand"},{"predicate":{"custom_model_data":244},"model":"modelengine:ravagerstatue/axe"},{"predicate":{"custom_model_data":245},"model":"modelengine:ravagerstatue/left_arm"},{"predicate":{"custom_model_data":246},"model":"modelengine:ravagerstatue/left_forearm"},{"predicate":{"custom_model_data":247},"model":"modelengine:ravagerstatue/head"},{"predicate":{"custom_model_data":2000},"model":"modelengine:fallenherald/capa"},{"predicate":{"custom_model_data":2001},"model":"modelengine:fallenherald/body"},{"predicate":{"custom_model_data":2002},"model":"modelengine:fallenherald/leftarm"},{"predicate":{"custom_model_data":2003},"model":"modelengine:fallenherald/leftarmbot"},{"predicate":{"custom_model_data":2004},"model":"modelengine:fallenherald/rightarm"},{"predicate":{"custom_model_data":2005},"model":"modelengine:fallenherald/hand"},{"predicate":{"custom_model_data":2006},"model":"modelengine:fallenherald/sword"},{"predicate":{"custom_model_data":2007},"model":"modelengine:fallenherald/rightarmbot"},{"predicate":{"custom_model_data":2008},"model":"modelengine:fallenherald/head"},{"predicate":{"custom_model_data":2009},"model":"modelengine:fallenherald/rightleg"},{"predicate":{"custom_model_data":2010},"model":"modelengine:fallenherald/rightlegbot"},{"predicate":{"custom_model_data":2011},"model":"modelengine:fallenherald/piedderenn"},{"predicate":{"custom_model_data":2012},"model":"modelengine:fallenherald/leftleg"},{"predicate":{"custom_model_data":2013},"model":"modelengine:fallenherald/leftlegbot"},{"predicate":{"custom_model_data":2014},"model":"modelengine:fallenherald/piedleften"},{"predicate":{"custom_model_data":2015},"model":"modelengine:fallenherald2/capa"},{"predicate":{"custom_model_data":2016},"model":"modelengine:fallenherald2/body"},{"predicate":{"custom_model_data":2017},"model":"modelengine:fallenherald2/leftarm"},{"predicate":{"custom_model_data":2018},"model":"modelengine:fallenherald2/leftarmbot"},{"predicate":{"custom_model_data":2019},"model":"modelengine:fallenherald2/rightarm"},{"predicate":{"custom_model_data":2020},"model":"modelengine:fallenherald2/hand"},{"predicate":{"custom_model_data":2021},"model":"modelengine:fallenherald2/sword"},{"predicate":{"custom_model_data":2022},"model":"modelengine:fallenherald2/rightarmbot"},{"predicate":{"custom_model_data":2023},"model":"modelengine:fallenherald2/head"},{"predicate":{"custom_model_data":2024},"model":"modelengine:fallenherald2/rightleg"},{"predicate":{"custom_model_data":2025},"model":"modelengine:fallenherald2/rightlegbot"},{"predicate":{"custom_model_data":2026},"model":"modelengine:fallenherald2/piedderenn"},{"predicate":{"custom_model_data":2027},"model":"modelengine:fallenherald2/leftleg"},{"predicate":{"custom_model_data":2028},"model":"modelengine:fallenherald2/leftlegbot"},{"predicate":{"custom_model_data":2029},"model":"modelengine:fallenherald2/piedleften"},{"predicate":{"custom_model_data":2030},"model":"modelengine:fallenherald3/capa"},{"predicate":{"custom_model_data":2031},"model":"modelengine:fallenherald3/body"},{"predicate":{"custom_model_data":2032},"model":"modelengine:fallenherald3/head"},{"predicate":{"custom_model_data":2033},"model":"modelengine:fallenherald3/leftarm"},{"predicate":{"custom_model_data":2034},"model":"modelengine:fallenherald3/leftarmbot"},{"predicate":{"custom_model_data":2035},"model":"modelengine:fallenherald3/rightarm"},{"predicate":{"custom_model_data":2036},"model":"modelengine:fallenherald3/hand"},{"predicate":{"custom_model_data":2037},"model":"modelengine:fallenherald3/rightarmbot"},{"predicate":{"custom_model_data":2038},"model":"modelengine:fallenherald3/sword"},{"predicate":{"custom_model_data":2039},"model":"modelengine:fallenherald3/rightleg"},{"predicate":{"custom_model_data":2040},"model":"modelengine:fallenherald3/rightlegbot"},{"predicate":{"custom_model_data":2041},"model":"modelengine:fallenherald3/piedderenn"},{"predicate":{"custom_model_data":2042},"model":"modelengine:fallenherald3/leftleg"},{"predicate":{"custom_model_data":2043},"model":"modelengine:fallenherald3/leftlegbot"},{"predicate":{"custom_model_data":2044},"model":"modelengine:fallenherald3/piedleften"},{"predicate":{"custom_model_data":2045},"model":"modelengine:fallenreaper/faldcentral"},{"predicate":{"custom_model_data":2046},"model":"modelengine:fallenreaper/faldizq"},{"predicate":{"custom_model_data":2047},"model":"modelengine:fallenreaper/faldder"},{"predicate":{"custom_model_data":2048},"model":"modelengine:fallenreaper/capa"},{"predicate":{"custom_model_data":2049},"model":"modelengine:fallenreaper/body"},{"predicate":{"custom_model_data":2050},"model":"modelengine:fallenreaper/leftarm"},{"predicate":{"custom_model_data":2051},"model":"modelengine:fallenreaper/leftarmbot"},{"predicate":{"custom_model_data":2052},"model":"modelengine:fallenreaper/rightarm"},{"predicate":{"custom_model_data":2053},"model":"modelengine:fallenreaper/hand"},{"predicate":{"custom_model_data":2054},"model":"modelengine:fallenreaper/odes"},{"predicate":{"custom_model_data":2055},"model":"modelengine:fallenreaper/rightarmbot"},{"predicate":{"custom_model_data":2056},"model":"modelengine:fallenreaper/head"},{"predicate":{"custom_model_data":2057},"model":"modelengine:fallenreaper/rightleg"},{"predicate":{"custom_model_data":2058},"model":"modelengine:fallenreaper/rightlegbot"},{"predicate":{"custom_model_data":2059},"model":"modelengine:fallenreaper/right_foot"},{"predicate":{"custom_model_data":2060},"model":"modelengine:fallenreaper/leftleg"},{"predicate":{"custom_model_data":2061},"model":"modelengine:fallenreaper/leftlegbot"},{"predicate":{"custom_model_data":2062},"model":"modelengine:fallenreaper/left_foot"},{"predicate":{"custom_model_data":2063},"model":"modelengine:fallenreaper2/faldcentral"},{"predicate":{"custom_model_data":2064},"model":"modelengine:fallenreaper2/faldizq"},{"predicate":{"custom_model_data":2065},"model":"modelengine:fallenreaper2/faldder"},{"predicate":{"custom_model_data":2066},"model":"modelengine:fallenreaper2/capa"},{"predicate":{"custom_model_data":2067},"model":"modelengine:fallenreaper2/body"},{"predicate":{"custom_model_data":2068},"model":"modelengine:fallenreaper2/leftarm"},{"predicate":{"custom_model_data":2069},"model":"modelengine:fallenreaper2/leftarmbot"},{"predicate":{"custom_model_data":2070},"model":"modelengine:fallenreaper2/rightarm"},{"predicate":{"custom_model_data":2071},"model":"modelengine:fallenreaper2/hand"},{"predicate":{"custom_model_data":2072},"model":"modelengine:fallenreaper2/odes"},{"predicate":{"custom_model_data":2073},"model":"modelengine:fallenreaper2/rightarmbot"},{"predicate":{"custom_model_data":2074},"model":"modelengine:fallenreaper2/head"},{"predicate":{"custom_model_data":2075},"model":"modelengine:fallenreaper2/rightleg"},{"predicate":{"custom_model_data":2076},"model":"modelengine:fallenreaper2/rightlegbot"},{"predicate":{"custom_model_data":2077},"model":"modelengine:fallenreaper2/piedderenn"},{"predicate":{"custom_model_data":2078},"model":"modelengine:fallenreaper2/leftleg"},{"predicate":{"custom_model_data":2079},"model":"modelengine:fallenreaper2/leftlegbot"},{"predicate":{"custom_model_data":2080},"model":"modelengine:fallenreaper2/piedleften"},{"predicate":{"custom_model_data":2081},"model":"modelengine:fallenreaper3/faldcentral"},{"predicate":{"custom_model_data":2082},"model":"modelengine:fallenreaper3/faldizq"},{"predicate":{"custom_model_data":2083},"model":"modelengine:fallenreaper3/faldder"},{"predicate":{"custom_model_data":2084},"model":"modelengine:fallenreaper3/capa"},{"predicate":{"custom_model_data":2085},"model":"modelengine:fallenreaper3/body"},{"predicate":{"custom_model_data":2086},"model":"modelengine:fallenreaper3/leftarmxd"},{"predicate":{"custom_model_data":2087},"model":"modelengine:fallenreaper3/rightarmxd"},{"predicate":{"custom_model_data":2088},"model":"modelengine:fallenreaper3/rightleg"},{"predicate":{"custom_model_data":2089},"model":"modelengine:fallenreaper3/leftleg"},{"predicate":{"custom_model_data":2090},"model":"modelengine:fallenreaper3/head"},{"predicate":{"custom_model_data":2091},"model":"modelengine:fallenreaper3/maske"},{"predicate":{"custom_model_data":2092},"model":"modelengine:fallenreaper3/leftarm"},{"predicate":{"custom_model_data":2093},"model":"modelengine:fallenreaper3/leftarmbot2"},{"predicate":{"custom_model_data":2094},"model":"modelengine:fallenreaper3/rightarm"},{"predicate":{"custom_model_data":2095},"model":"modelengine:fallenreaper3/hand2"},{"predicate":{"custom_model_data":2096},"model":"modelengine:fallenreaper3/rightarmbot2"},{"predicate":{"custom_model_data":2097},"model":"modelengine:fallenreaper3/rightleg2"},{"predicate":{"custom_model_data":2098},"model":"modelengine:fallenreaper3/rightlegbot"},{"predicate":{"custom_model_data":2099},"model":"modelengine:fallenreaper3/piedderenn"},{"predicate":{"custom_model_data":2100},"model":"modelengine:fallenreaper3/leftlegbot"},{"predicate":{"custom_model_data":2101},"model":"modelengine:fallenreaper3/piedleften"},{"predicate":{"custom_model_data":2102},"model":"modelengine:fallenreaper3/leftleg2"},{"predicate":{"custom_model_data":2103},"model":"modelengine:fallenreaper3/odes"},{"predicate":{"custom_model_data":2104},"model":"modelengine:fallensoldier/body"},{"predicate":{"custom_model_data":2105},"model":"modelengine:fallensoldier/leftarm"},{"predicate":{"custom_model_data":2106},"model":"modelengine:fallensoldier/leftarmbot"},{"predicate":{"custom_model_data":2107},"model":"modelengine:fallensoldier/rightarm"},{"predicate":{"custom_model_data":2108},"model":"modelengine:fallensoldier/hand"},{"predicate":{"custom_model_data":2109},"model":"modelengine:fallensoldier/sword"},{"predicate":{"custom_model_data":2110},"model":"modelengine:fallensoldier/rightarmbot"},{"predicate":{"custom_model_data":2111},"model":"modelengine:fallensoldier/head"},{"predicate":{"custom_model_data":2112},"model":"modelengine:fallensoldier/rightleg"},{"predicate":{"custom_model_data":2113},"model":"modelengine:fallensoldier/rightlegbot"},{"predicate":{"custom_model_data":2114},"model":"modelengine:fallensoldier/piedderenn"},{"predicate":{"custom_model_data":2115},"model":"modelengine:fallensoldier/leftleg"},{"predicate":{"custom_model_data":2116},"model":"modelengine:fallensoldier/leftlegbot"},{"predicate":{"custom_model_data":2117},"model":"modelengine:fallensoldier/piedleften"},{"predicate":{"custom_model_data":2118},"model":"modelengine:fallenwarden/body"},{"predicate":{"custom_model_data":2119},"model":"modelengine:fallenwarden/leftarm"},{"predicate":{"custom_model_data":2120},"model":"modelengine:fallenwarden/leftarmbot"},{"predicate":{"custom_model_data":2121},"model":"modelengine:fallenwarden/rightarm"},{"predicate":{"custom_model_data":2122},"model":"modelengine:fallenwarden/hand"},{"predicate":{"custom_model_data":2123},"model":"modelengine:fallenwarden/lanceaxe"},{"predicate":{"custom_model_data":2124},"model":"modelengine:fallenwarden/rightarmbot"},{"predicate":{"custom_model_data":2125},"model":"modelengine:fallenwarden/head"},{"predicate":{"custom_model_data":2126},"model":"modelengine:fallenwarden/rightleg"},{"predicate":{"custom_model_data":2127},"model":"modelengine:fallenwarden/rightlegbot"},{"predicate":{"custom_model_data":2128},"model":"modelengine:fallenwarden/right_foot"},{"predicate":{"custom_model_data":2129},"model":"modelengine:fallenwarden/leftleg"},{"predicate":{"custom_model_data":2130},"model":"modelengine:fallenwarden/leftlegbot"},{"predicate":{"custom_model_data":2131},"model":"modelengine:fallenwarden/left_foot"},{"predicate":{"custom_model_data":2132},"model":"modelengine:fallenwarden2/body"},{"predicate":{"custom_model_data":2133},"model":"modelengine:fallenwarden2/leftarm"},{"predicate":{"custom_model_data":2134},"model":"modelengine:fallenwarden2/leftarmbot"},{"predicate":{"custom_model_data":2135},"model":"modelengine:fallenwarden2/rightarm"},{"predicate":{"custom_model_data":2136},"model":"modelengine:fallenwarden2/hand"},{"predicate":{"custom_model_data":2137},"model":"modelengine:fallenwarden2/lanceaxe"},{"predicate":{"custom_model_data":2138},"model":"modelengine:fallenwarden2/rightarmbot"},{"predicate":{"custom_model_data":2139},"model":"modelengine:fallenwarden2/head"},{"predicate":{"custom_model_data":2140},"model":"modelengine:fallenwarden2/rightleg"},{"predicate":{"custom_model_data":2141},"model":"modelengine:fallenwarden2/rightlegbot"},{"predicate":{"custom_model_data":2142},"model":"modelengine:fallenwarden2/piedderenn"},{"predicate":{"custom_model_data":2143},"model":"modelengine:fallenwarden2/leftleg"},{"predicate":{"custom_model_data":2144},"model":"modelengine:fallenwarden2/leftlegbot"},{"predicate":{"custom_model_data":2145},"model":"modelengine:fallenwarden2/piedleften"},{"predicate":{"custom_model_data":2146},"model":"modelengine:fallenwarden3/body"},{"predicate":{"custom_model_data":2147},"model":"modelengine:fallenwarden3/leftarm"},{"predicate":{"custom_model_data":2148},"model":"modelengine:fallenwarden3/leftarmbot"},{"predicate":{"custom_model_data":2149},"model":"modelengine:fallenwarden3/rightarm"},{"predicate":{"custom_model_data":2150},"model":"modelengine:fallenwarden3/hand"},{"predicate":{"custom_model_data":2151},"model":"modelengine:fallenwarden3/lanceaxe"},{"predicate":{"custom_model_data":2152},"model":"modelengine:fallenwarden3/rightarmbot"},{"predicate":{"custom_model_data":2153},"model":"modelengine:fallenwarden3/head"},{"predicate":{"custom_model_data":2154},"model":"modelengine:fallenwarden3/rightleg"},{"predicate":{"custom_model_data":2155},"model":"modelengine:fallenwarden3/rightlegbot"},{"predicate":{"custom_model_data":2156},"model":"modelengine:fallenwarden3/piedderenn"},{"predicate":{"custom_model_data":2157},"model":"modelengine:fallenwarden3/leftleg"},{"predicate":{"custom_model_data":2158},"model":"modelengine:fallenwarden3/leftlegbot"},{"predicate":{"custom_model_data":2159},"model":"modelengine:fallenwarden3/piedleften"},{"predicate":{"custom_model_data":3000},"model":"modelengine:defender_fire_blade/llamus"},{"predicate":{"custom_model_data":3001},"model":"modelengine:defender_fireblade2/fb1"},{"predicate":{"custom_model_data":3002},"model":"modelengine:defender_fireprojectile/fb1"},{"predicate":{"custom_model_data":3003},"model":"modelengine:defenderstatue/core"},{"predicate":{"custom_model_data":3004},"model":"modelengine:defenderstatue/head"},{"predicate":{"custom_model_data":3005},"model":"modelengine:defenderstatue/right_arm"},{"predicate":{"custom_model_data":3006},"model":"modelengine:defenderstatue/right_forearm"},{"predicate":{"custom_model_data":3007},"model":"modelengine:defenderstatue/hand"},{"predicate":{"custom_model_data":3008},"model":"modelengine:defenderstatue/svorden"},{"predicate":{"custom_model_data":3009},"model":"modelengine:defenderstatue/left_arm"},{"predicate":{"custom_model_data":3010},"model":"modelengine:defenderstatue/left_forearm"},{"predicate":{"custom_model_data":3011},"model":"modelengine:defenderstatue/shield"},{"predicate":{"custom_model_data":3012},"model":"modelengine:fallendefender/right_leg"},{"predicate":{"custom_model_data":3013},"model":"modelengine:fallendefender/right_shin"},{"predicate":{"custom_model_data":3014},"model":"modelengine:fallendefender/right_foot"},{"predicate":{"custom_model_data":3015},"model":"modelengine:fallendefender/left_leg"},{"predicate":{"custom_model_data":3016},"model":"modelengine:fallendefender/left_shin"},{"predicate":{"custom_model_data":3017},"model":"modelengine:fallendefender/left_foot"},{"predicate":{"custom_model_data":3018},"model":"modelengine:fallendefender/hip"},{"predicate":{"custom_model_data":3019},"model":"modelengine:fallendefender/chest"},{"predicate":{"custom_model_data":3020},"model":"modelengine:fallendefender/left_arm"},{"predicate":{"custom_model_data":3021},"model":"modelengine:fallendefender/left_forearm"},{"predicate":{"custom_model_data":3022},"model":"modelengine:fallendefender/shield"},{"predicate":{"custom_model_data":3023},"model":"modelengine:fallendefender/shieldennfx"},{"predicate":{"custom_model_data":3024},"model":"modelengine:fallendefender/sndpfx1"},{"predicate":{"custom_model_data":3025},"model":"modelengine:fallendefender/sndpfx2"},{"predicate":{"custom_model_data":3026},"model":"modelengine:fallendefender/sndpfx3"},{"predicate":{"custom_model_data":3027},"model":"modelengine:fallendefender/sndpfx4"},{"predicate":{"custom_model_data":3028},"model":"modelengine:fallendefender/sndpfx5"},{"predicate":{"custom_model_data":3029},"model":"modelengine:fallendefender/sndpfx6"},{"predicate":{"custom_model_data":3030},"model":"modelengine:fallendefender/sndpfx7"},{"predicate":{"custom_model_data":3031},"model":"modelengine:fallendefender/sndpfx8"},{"predicate":{"custom_model_data":3032},"model":"modelengine:fallendefender/sndpfx9"},{"predicate":{"custom_model_data":3033},"model":"modelengine:fallendefender/sndpfx10"},{"predicate":{"custom_model_data":3034},"model":"modelengine:fallendefender/sndpfx11"},{"predicate":{"custom_model_data":3035},"model":"modelengine:fallendefender/sndpfx12"},{"predicate":{"custom_model_data":3036},"model":"modelengine:fallendefender/sndpfx13"},{"predicate":{"custom_model_data":3037},"model":"modelengine:fallendefender/sndpfx14"},{"predicate":{"custom_model_data":3038},"model":"modelengine:fallendefender/sndpfx15"},{"predicate":{"custom_model_data":3039},"model":"modelengine:fallendefender/sndpfx16"},{"predicate":{"custom_model_data":3040},"model":"modelengine:fallendefender/shield2"},{"predicate":{"custom_model_data":3041},"model":"modelengine:fallendefender/right_arm"},{"predicate":{"custom_model_data":3042},"model":"modelengine:fallendefender/right_forearm"},{"predicate":{"custom_model_data":3043},"model":"modelengine:fallendefender/hand"},{"predicate":{"custom_model_data":3044},"model":"modelengine:fallendefender/lame"},{"predicate":{"custom_model_data":3045},"model":"modelengine:fallendefender/sfe_frame0"},{"predicate":{"custom_model_data":3046},"model":"modelengine:fallendefender/sfe_frame1"},{"predicate":{"custom_model_data":3047},"model":"modelengine:fallendefender/sfe_frame2"},{"predicate":{"custom_model_data":3048},"model":"modelengine:fallendefender/sfe_frame3"},{"predicate":{"custom_model_data":3049},"model":"modelengine:fallendefender/sfe_frame4"},{"predicate":{"custom_model_data":3050},"model":"modelengine:fallendefender/sfe_frame5"},{"predicate":{"custom_model_data":3051},"model":"modelengine:fallendefender/sfe_frame6"},{"predicate":{"custom_model_data":3052},"model":"modelengine:fallendefender/sfe_frame7"},{"predicate":{"custom_model_data":3053},"model":"modelengine:fallendefender/sfe_frame8"},{"predicate":{"custom_model_data":3054},"model":"modelengine:fallendefender/sfe_frame9"},{"predicate":{"custom_model_data":3055},"model":"modelengine:fallendefender/sfe_frame10"},{"predicate":{"custom_model_data":3056},"model":"modelengine:fallendefender/sfe_frame11"},{"predicate":{"custom_model_data":3057},"model":"modelengine:fallendefender/sfe_frame12"},{"predicate":{"custom_model_data":3058},"model":"modelengine:fallendefender/sfe_frame13"},{"predicate":{"custom_model_data":3059},"model":"modelengine:fallendefender/sfe_frame14"},{"predicate":{"custom_model_data":3060},"model":"modelengine:fallendefender/sfe_frame15"},{"predicate":{"custom_model_data":3061},"model":"modelengine:fallendefender/sfe_frame16"},{"predicate":{"custom_model_data":3062},"model":"modelengine:fallendefender/sfe_frame17"},{"predicate":{"custom_model_data":3063},"model":"modelengine:fallendefender/sfe_frame18"},{"predicate":{"custom_model_data":3064},"model":"modelengine:fallendefender/svorden"},{"predicate":{"custom_model_data":3065},"model":"modelengine:fallendefender/head"},{"predicate":{"custom_model_data":3066},"model":"modelengine:fallendefender2/right_leg"},{"predicate":{"custom_model_data":3067},"model":"modelengine:fallendefender2/left_leg"},{"predicate":{"custom_model_data":3068},"model":"modelengine:fallendefender2/right_shin"},{"predicate":{"custom_model_data":3069},"model":"modelengine:fallendefender2/right_foot"},{"predicate":{"custom_model_data":3070},"model":"modelengine:fallendefender2/hip"},{"predicate":{"custom_model_data":3071},"model":"modelengine:fallendefender2/chest"},{"predicate":{"custom_model_data":3072},"model":"modelengine:fallendefender2/right_arm"},{"predicate":{"custom_model_data":3073},"model":"modelengine:fallendefender2/left_arm"},{"predicate":{"custom_model_data":3074},"model":"modelengine:fallendefender2/left_shin"},{"predicate":{"custom_model_data":3075},"model":"modelengine:fallendefender2/left_foot"},{"predicate":{"custom_model_data":3076},"model":"modelengine:fallendefender2/left_forearm"},{"predicate":{"custom_model_data":3077},"model":"modelengine:fallendefender2/shield"},{"predicate":{"custom_model_data":3078},"model":"modelengine:fallendefender2/head"},{"predicate":{"custom_model_data":3079},"model":"modelengine:fallendefender2/right_forearm"},{"predicate":{"custom_model_data":3080},"model":"modelengine:fallendefender2/hand"},{"predicate":{"custom_model_data":3081},"model":"modelengine:fallendefender2/svorden"},{"predicate":{"custom_model_data":3082},"model":"modelengine:fallendefender3/right_leg"},{"predicate":{"custom_model_data":3083},"model":"modelengine:fallendefender3/left_leg"},{"predicate":{"custom_model_data":3084},"model":"modelengine:fallendefender3/right_shin"},{"predicate":{"custom_model_data":3085},"model":"modelengine:fallendefender3/right_foot"},{"predicate":{"custom_model_data":3086},"model":"modelengine:fallendefender3/hip"},{"predicate":{"custom_model_data":3087},"model":"modelengine:fallendefender3/chest"},{"predicate":{"custom_model_data":3088},"model":"modelengine:fallendefender3/right_arm"},{"predicate":{"custom_model_data":3089},"model":"modelengine:fallendefender3/left_arm"},{"predicate":{"custom_model_data":3090},"model":"modelengine:fallendefender3/left_shin"},{"predicate":{"custom_model_data":3091},"model":"modelengine:fallendefender3/left_foot"},{"predicate":{"custom_model_data":3092},"model":"modelengine:fallendefender3/shield"},{"predicate":{"custom_model_data":3093},"model":"modelengine:fallendefender3/left_forearm"},{"predicate":{"custom_model_data":3094},"model":"modelengine:fallendefender3/head"},{"predicate":{"custom_model_data":3095},"model":"modelengine:fallendefender3/right_forearm"},{"predicate":{"custom_model_data":3096},"model":"modelengine:fallendefender3/hand"},{"predicate":{"custom_model_data":3097},"model":"modelengine:fallendefender3/svorden"},{"predicate":{"custom_model_data":3098},"model":"modelengine:fdefender_shockwaveresources/rswa_1"},{"predicate":{"custom_model_data":3099},"model":"modelengine:fdefender_shockwaveresources/rswa_2"},{"predicate":{"custom_model_data":3100},"model":"modelengine:fdefender_shockwaveresources/rswa_3"},{"predicate":{"custom_model_data":3101},"model":"modelengine:fdefender_shockwaveresources/rswa_4"},{"predicate":{"custom_model_data":3102},"model":"modelengine:fdefender_shockwaveresources/rswb_1"},{"predicate":{"custom_model_data":3103},"model":"modelengine:fdefender_shockwaveresources/rswb_2"},{"predicate":{"custom_model_data":3104},"model":"modelengine:fdefender_shockwaveresources/rswb_3"},{"predicate":{"custom_model_data":3105},"model":"modelengine:fdefender_shockwaveresources/rswb_4"},{"predicate":{"custom_model_data":3106},"model":"modelengine:fdefender_shockwaveresources/rswc_1"},{"predicate":{"custom_model_data":3107},"model":"modelengine:fdefender_shockwaveresources/rswc_2"},{"predicate":{"custom_model_data":3108},"model":"modelengine:fdefender_shockwaveresources/rswc_3"},{"predicate":{"custom_model_data":3109},"model":"modelengine:fdefender_shockwaveresources/rswc_4"},{"predicate":{"custom_model_data":3110},"model":"modelengine:fdefender_shockwaveresources/rswd_1"},{"predicate":{"custom_model_data":3111},"model":"modelengine:fdefender_shockwaveresources/rswd_2"},{"predicate":{"custom_model_data":3112},"model":"modelengine:fdefender_shockwaveresources/rswd_3"},{"predicate":{"custom_model_data":3113},"model":"modelengine:fdefender_shockwaveresources/rswd_4"},{"predicate":{"custom_model_data":3114},"model":"modelengine:fdefender_shockwaveresources/rswe_1"},{"predicate":{"custom_model_data":3115},"model":"modelengine:fdefender_shockwaveresources/rswe_2"},{"predicate":{"custom_model_data":3116},"model":"modelengine:fdefender_shockwaveresources/rswe_3"},{"predicate":{"custom_model_data":3117},"model":"modelengine:fdefender_shockwaveresources/rswe_4"},{"predicate":{"custom_model_data":3118},"model":"modelengine:fdefender_shockwaveresources/rswf_1"},{"predicate":{"custom_model_data":3119},"model":"modelengine:fdefender_shockwaveresources/rswf_2"},{"predicate":{"custom_model_data":3120},"model":"modelengine:fdefender_shockwaveresources/rswf_3"},{"predicate":{"custom_model_data":3121},"model":"modelengine:fdefender_shockwaveresources/rswf_4"},{"predicate":{"custom_model_data":3122},"model":"modelengine:fdefender_shockwaveresources/rswg_1"},{"predicate":{"custom_model_data":3123},"model":"modelengine:fdefender_shockwaveresources/rswg_2"},{"predicate":{"custom_model_data":3124},"model":"modelengine:fdefender_shockwaveresources/rswg_3"},{"predicate":{"custom_model_data":3125},"model":"modelengine:fdefender_shockwaveresources/rswg_4"},{"predicate":{"custom_model_data":3126},"model":"modelengine:fdefender_shockwaveresources/rswh_1"},{"predicate":{"custom_model_data":3127},"model":"modelengine:fdefender_shockwaveresources/rswh_2"},{"predicate":{"custom_model_data":3128},"model":"modelengine:fdefender_shockwaveresources/rswh_3"},{"predicate":{"custom_model_data":3129},"model":"modelengine:fdefender_shockwaveresources/rswh_4"},{"predicate":{"custom_model_data":3130},"model":"modelengine:fdefender_shockwaveresources/rswi_1"},{"predicate":{"custom_model_data":3131},"model":"modelengine:fdefender_shockwaveresources/rswi_2"},{"predicate":{"custom_model_data":3132},"model":"modelengine:fdefender_shockwaveresources/rswi_3"},{"predicate":{"custom_model_data":3133},"model":"modelengine:fdefender_shockwaveresources/rswi_4"},{"predicate":{"custom_model_data":3134},"model":"modelengine:fdefender_shockwaveresources/rswj_1"},{"predicate":{"custom_model_data":3135},"model":"modelengine:fdefender_shockwaveresources/rswj_2"},{"predicate":{"custom_model_data":3136},"model":"modelengine:fdefender_shockwaveresources/rswj_3"},{"predicate":{"custom_model_data":3137},"model":"modelengine:fdefender_shockwaveresources/rswj_4"},{"predicate":{"custom_model_data":3138},"model":"modelengine:fdefender_shockwaveresources/rswk_1"},{"predicate":{"custom_model_data":3139},"model":"modelengine:fdefender_shockwaveresources/rswk_2"},{"predicate":{"custom_model_data":3140},"model":"modelengine:fdefender_shockwaveresources/rswk_3"},{"predicate":{"custom_model_data":3141},"model":"modelengine:fdefender_shockwaveresources/rswk_4"},{"predicate":{"custom_model_data":3142},"model":"modelengine:fdefender_shockwaveresources/rswl_1"},{"predicate":{"custom_model_data":3143},"model":"modelengine:fdefender_shockwaveresources/rswl_2"},{"predicate":{"custom_model_data":3144},"model":"modelengine:fdefender_shockwaveresources/rswl_3"},{"predicate":{"custom_model_data":3145},"model":"modelengine:fdefender_shockwaveresources/rswl_4"},{"predicate":{"custom_model_data":3146},"model":"modelengine:fdefender_shockwaveresources/rswm_1"},{"predicate":{"custom_model_data":3147},"model":"modelengine:fdefender_shockwaveresources/rswm_2"},{"predicate":{"custom_model_data":3148},"model":"modelengine:fdefender_shockwaveresources/rswm_3"},{"predicate":{"custom_model_data":3149},"model":"modelengine:fdefender_shockwaveresources/rswm_4"},{"predicate":{"custom_model_data":3150},"model":"modelengine:fdefender_shockwaveresources/rswn_1"},{"predicate":{"custom_model_data":3151},"model":"modelengine:fdefender_shockwaveresources/rswn_2"},{"predicate":{"custom_model_data":3152},"model":"modelengine:fdefender_shockwaveresources/rswn_3"},{"predicate":{"custom_model_data":3153},"model":"modelengine:fdefender_shockwaveresources/rswn_4"},{"predicate":{"custom_model_data":3154},"model":"modelengine:fdexplosion_resources/frame1"},{"predicate":{"custom_model_data":3155},"model":"modelengine:fdexplosion_resources/frame2"},{"predicate":{"custom_model_data":3156},"model":"modelengine:fdexplosion_resources/frame3"},{"predicate":{"custom_model_data":3157},"model":"modelengine:fdexplosion_resources/frame4"},{"predicate":{"custom_model_data":3158},"model":"modelengine:fdexplosion_resources/frame5"},{"predicate":{"custom_model_data":3159},"model":"modelengine:fdexplosion_resources/frame6"},{"predicate":{"custom_model_data":3160},"model":"modelengine:fdexplosion_resources/frame7"},{"predicate":{"custom_model_data":3161},"model":"modelengine:fdexplosion_resources/frame8"},{"predicate":{"custom_model_data":3162},"model":"modelengine:fdexplosion_resources/explosionb1"},{"predicate":{"custom_model_data":3163},"model":"modelengine:fdexplosion_resources/explosionb2"},{"predicate":{"custom_model_data":3164},"model":"modelengine:fdexplosion_resources/explosionb3"},{"predicate":{"custom_model_data":3165},"model":"modelengine:fdexplosion_resources/explosionb4"},{"predicate":{"custom_model_data":3166},"model":"modelengine:fdexplosion_resources/explosionb5"},{"predicate":{"custom_model_data":3167},"model":"modelengine:fdexplosion_resources/explosionb6"},{"predicate":{"custom_model_data":3168},"model":"modelengine:fdexplosion_resources/explosionb7"},{"predicate":{"custom_model_data":3169},"model":"modelengine:fdexplosion_resources/explosionb8"},{"predicate":{"custom_model_data":3170},"model":"modelengine:fdexplosion_resources/explosionb9"},{"predicate":{"custom_model_data":3171},"model":"modelengine:fdexplosion_resources/explosionb10"},{"predicate":{"custom_model_data":3172},"model":"modelengine:fdexplosion_resources/explosionb11"},{"predicate":{"custom_model_data":3173},"model":"modelengine:fdexplosion_resources/explosionb12"},{"predicate":{"custom_model_data":3174},"model":"modelengine:fdexplosion_resources/ravage1"},{"predicate":{"custom_model_data":3175},"model":"modelengine:fdexplosion_resources/ravage2"},{"predicate":{"custom_model_data":3176},"model":"modelengine:fdexplosion_resources/ravage3"},{"predicate":{"custom_model_data":3177},"model":"modelengine:fdexplosion_resources/ravage4"},{"predicate":{"custom_model_data":3178},"model":"modelengine:fdexplosion_resources/ravage5"},{"predicate":{"custom_model_data":3179},"model":"modelengine:fdexplosion_resources/ravage6"},{"predicate":{"custom_model_data":3180},"model":"modelengine:fdexplosion_resources/ravage7"},{"predicate":{"custom_model_data":3181},"model":"modelengine:fdexplosion_resources/ravage8"},{"predicate":{"custom_model_data":3182},"model":"modelengine:fdexplosion_resources/ravage9"},{"predicate":{"custom_model_data":3183},"model":"modelengine:fdexplosion_resources/ravage10"},{"predicate":{"custom_model_data":3184},"model":"modelengine:fdexplosion_resources/ravage11"},{"predicate":{"custom_model_data":3185},"model":"modelengine:fdexplosion_resources/ravage12"},{"predicate":{"custom_model_data":3186},"model":"modelengine:fdexplosion_resources/ravage13"},{"predicate":{"custom_model_data":3187},"model":"modelengine:fdexplosion_resources/ravage14"},{"predicate":{"custom_model_data":3188},"model":"modelengine:fdexplosion_resources/ravage15"},{"predicate":{"custom_model_data":3189},"model":"modelengine:fdexplosion_resources/ravage16"},{"predicate":{"custom_model_data":3190},"model":"modelengine:fdexplosion_resources/ravage17"},{"predicate":{"custom_model_data":3191},"model":"modelengine:fdexplosion_resources/ravage18"},{"predicate":{"custom_model_data":3192},"model":"modelengine:fdexplosion_resources/ravage19"},{"predicate":{"custom_model_data":3193},"model":"modelengine:fdexplosion_resources/ravage20"},{"predicate":{"custom_model_data":3194},"model":"modelengine:fdexplosion_resources/ravage21"},{"predicate":{"custom_model_data":3195},"model":"modelengine:fdexplosion_resources/ravage22"},{"predicate":{"custom_model_data":3196},"model":"modelengine:fdexplosion_resources/ravage23"},{"predicate":{"custom_model_data":3197},"model":"modelengine:fdexplosion_resources/ravage24"},{"predicate":{"custom_model_data":3198},"model":"modelengine:fdexplosion_resources/ravage25"},{"predicate":{"custom_model_data":3199},"model":"modelengine:fdexplosion_resources/ravageb1"},{"predicate":{"custom_model_data":3200},"model":"modelengine:fdexplosion_resources/ravageb2"},{"predicate":{"custom_model_data":3201},"model":"modelengine:fdexplosion_resources/ravageb3"},{"predicate":{"custom_model_data":3202},"model":"modelengine:fdexplosion_resources/ravageb4"},{"predicate":{"custom_model_data":3203},"model":"modelengine:fdexplosion_resources/ravageb5"},{"predicate":{"custom_model_data":3204},"model":"modelengine:fdexplosion_resources/ravageb6"},{"predicate":{"custom_model_data":3205},"model":"modelengine:fdexplosion_resources/ravageb7"},{"predicate":{"custom_model_data":3206},"model":"modelengine:fdexplosion_resources/ravageb8"},{"predicate":{"custom_model_data":3207},"model":"modelengine:fdexplosion_resources/ravageb9"},{"predicate":{"custom_model_data":3208},"model":"modelengine:fdexplosion_resources/ravageb10"},{"predicate":{"custom_model_data":3209},"model":"modelengine:fdexplosion_resources/ravageb11"},{"predicate":{"custom_model_data":3210},"model":"modelengine:fdexplosion_resources/ravageb12"},{"predicate":{"custom_model_data":3211},"model":"modelengine:fdexplosion_resources/ravageb13"},{"predicate":{"custom_model_data":3212},"model":"modelengine:fdexplosion_resources/ravageb14"},{"predicate":{"custom_model_data":3213},"model":"modelengine:fdexplosion_resources/ravageb15"},{"predicate":{"custom_model_data":3214},"model":"modelengine:fdexplosion_resources/fb1"},{"predicate":{"custom_model_data":3215},"model":"modelengine:fdexplosion_resources/fb2"},{"predicate":{"custom_model_data":3216},"model":"modelengine:fdexplosion_resources/fb3"},{"predicate":{"custom_model_data":3217},"model":"modelengine:fdexplosion_resources/fb4"},{"predicate":{"custom_model_data":3218},"model":"modelengine:fdexplosion_resources/fb5"},{"predicate":{"custom_model_data":3219},"model":"modelengine:fdexplosion_resources/fb6"},{"predicate":{"custom_model_data":3220},"model":"modelengine:fdexplosion_resources/fb7"},{"predicate":{"custom_model_data":3221},"model":"modelengine:fdexplosion_resources/fb8"},{"predicate":{"custom_model_data":3222},"model":"modelengine:fdexplosion_resources/fb9"},{"predicate":{"custom_model_data":3223},"model":"modelengine:fdexplosion_resources/fb10"},{"predicate":{"custom_model_data":3224},"model":"modelengine:fdexplosion_resources/fb11"},{"predicate":{"custom_model_data":3225},"model":"modelengine:fdexplosion_resources/fb12"},{"predicate":{"custom_model_data":3226},"model":"modelengine:fdexplosion_resources/fb13"},{"predicate":{"custom_model_data":3227},"model":"modelengine:fdexplosion_resources/fb14"},{"predicate":{"custom_model_data":3228},"model":"modelengine:fdexplosion_resources/fb15"},{"predicate":{"custom_model_data":3229},"model":"modelengine:fdexplosion_resources/fb16"},{"predicate":{"custom_model_data":3230},"model":"modelengine:fdexplosion_resources/fb17"},{"predicate":{"custom_model_data":3231},"model":"modelengine:fdexplosion_resources/fb18"},{"predicate":{"custom_model_data":3232},"model":"modelengine:fdexplosion_resources/fb19"},{"predicate":{"custom_model_data":3233},"model":"modelengine:fdexplosion_resources/fb20"},{"predicate":{"custom_model_data":3234},"model":"modelengine:fdexplosion_resources/rsw1"},{"predicate":{"custom_model_data":3235},"model":"modelengine:fdexplosion_resources/rsw2"},{"predicate":{"custom_model_data":3236},"model":"modelengine:fdexplosion_resources/rsw3"},{"predicate":{"custom_model_data":3237},"model":"modelengine:fdexplosion_resources/rsw4"},{"predicate":{"custom_model_data":3238},"model":"modelengine:fdexplosion_resources/rsw5"},{"predicate":{"custom_model_data":3239},"model":"modelengine:fdexplosion_resources/rsw6"},{"predicate":{"custom_model_data":3240},"model":"modelengine:fdexplosion_resources/rsw7"},{"predicate":{"custom_model_data":3241},"model":"modelengine:fdexplosion_resources/rsw8"},{"predicate":{"custom_model_data":3242},"model":"modelengine:fdexplosion_resources/rsw9"},{"predicate":{"custom_model_data":3243},"model":"modelengine:fdexplosion_resources/rsw10"},{"predicate":{"custom_model_data":3244},"model":"modelengine:fdexplosion_resources/rsw11"},{"predicate":{"custom_model_data":3245},"model":"modelengine:fdexplosion_resources/rsw12"},{"predicate":{"custom_model_data":3246},"model":"modelengine:fdexplosion_resources/rsw13"},{"predicate":{"custom_model_data":3247},"model":"modelengine:fdexplosion_resources/rsw14"},{"predicate":{"custom_model_data":3248},"model":"modelengine:fdexplosion_resources/ffxd1"},{"predicate":{"custom_model_data":3249},"model":"modelengine:fdexplosion_resources/ffxd2"},{"predicate":{"custom_model_data":3250},"model":"modelengine:fdexplosion_resources/ffxd3"},{"predicate":{"custom_model_data":3251},"model":"modelengine:fdexplosion_resources/ffxd4"},{"predicate":{"custom_model_data":3252},"model":"modelengine:fdexplosion_resources/ffxd5"},{"predicate":{"custom_model_data":3253},"model":"modelengine:fdexplosion_resources/ffxd6"},{"predicate":{"custom_model_data":3254},"model":"modelengine:fdexplosion_resources/ffxd7"},{"predicate":{"custom_model_data":3255},"model":"modelengine:fdexplosion_resources/ffxd8"},{"predicate":{"custom_model_data":3256},"model":"modelengine:fdexplosion_resources/ffxd9"},{"predicate":{"custom_model_data":3257},"model":"modelengine:fdexplosion_resources/ffxd10"},{"predicate":{"custom_model_data":3258},"model":"modelengine:fdexplosion_resources/ffxd2_1"},{"predicate":{"custom_model_data":3259},"model":"modelengine:fdexplosion_resources/ffxd2_2"},{"predicate":{"custom_model_data":3260},"model":"modelengine:fdexplosion_resources/ffxd2_3"},{"predicate":{"custom_model_data":3261},"model":"modelengine:fdexplosion_resources/ffxd2_4"},{"predicate":{"custom_model_data":3262},"model":"modelengine:fdexplosion_resources/ffxd2_5"},{"predicate":{"custom_model_data":3263},"model":"modelengine:fdexplosion_resources/ffxd2_6"},{"predicate":{"custom_model_data":3264},"model":"modelengine:fdexplosion_resources/ffxd2_7"},{"predicate":{"custom_model_data":3265},"model":"modelengine:fdexplosion_resources/ffxd2_8"},{"predicate":{"custom_model_data":3266},"model":"modelengine:fdexplosion_resources/ffxd2_9"},{"predicate":{"custom_model_data":3267},"model":"modelengine:fdexplosion_resources/ffxd2_10"},{"predicate":{"custom_model_data":3268},"model":"modelengine:fdexplosion_resources/rwsb1"},{"predicate":{"custom_model_data":3269},"model":"modelengine:fdexplosion_resources/rwsb2"},{"predicate":{"custom_model_data":3270},"model":"modelengine:fdexplosion_resources/rwsb3"},{"predicate":{"custom_model_data":3271},"model":"modelengine:fdexplosion_resources/rwsb4"},{"predicate":{"custom_model_data":3272},"model":"modelengine:fdexplosion_resources/rwsb5"},{"predicate":{"custom_model_data":3273},"model":"modelengine:fdexplosion_resources/rwsb6"},{"predicate":{"custom_model_data":3274},"model":"modelengine:fdexplosion_resources/rwsb7"},{"predicate":{"custom_model_data":3275},"model":"modelengine:fdexplosion_resources/rwsb8"},{"predicate":{"custom_model_data":3276},"model":"modelengine:fdexplosion_resources/rwsb9"},{"predicate":{"custom_model_data":3277},"model":"modelengine:fdexplosion_resources/rwsb10"},{"predicate":{"custom_model_data":3278},"model":"modelengine:fdexplosion_resources/rwsb11"},{"predicate":{"custom_model_data":3279},"model":"modelengine:fdexplosion_resources/rwsb12"},{"predicate":{"custom_model_data":3280},"model":"modelengine:fdexplosion_resources/rwsb13"},{"predicate":{"custom_model_data":3281},"model":"modelengine:fdexplosion_resources/rwsb14"},{"predicate":{"custom_model_data":3282},"model":"modelengine:fdexplosion_resources/ffxa1"},{"predicate":{"custom_model_data":3283},"model":"modelengine:fdexplosion_resources/ffxa2"},{"predicate":{"custom_model_data":3284},"model":"modelengine:fdexplosion_resources/ffxa3"},{"predicate":{"custom_model_data":3285},"model":"modelengine:fdexplosion_resources/ffxa4"},{"predicate":{"custom_model_data":3286},"model":"modelengine:fdexplosion_resources/ffxa5"},{"predicate":{"custom_model_data":3287},"model":"modelengine:fdexplosion_resources/ffxa6"},{"predicate":{"custom_model_data":3288},"model":"modelengine:fdexplosion_resources/ffxa7"},{"predicate":{"custom_model_data":3289},"model":"modelengine:fdexplosion_resources/ffxa8"},{"predicate":{"custom_model_data":3290},"model":"modelengine:fdexplosion_resources/ffxa9"},{"predicate":{"custom_model_data":3291},"model":"modelengine:fdexplosion_resources/ffxa10"},{"predicate":{"custom_model_data":3292},"model":"modelengine:fdexplosion_resources/ffxa11"},{"predicate":{"custom_model_data":3293},"model":"modelengine:fdexplosion_resources/ffxa12"},{"predicate":{"custom_model_data":3294},"model":"modelengine:fdexplosion_resources/ffxa13"},{"predicate":{"custom_model_data":3295},"model":"modelengine:fdexplosion_resources/ffxb1"},{"predicate":{"custom_model_data":3296},"model":"modelengine:fdexplosion_resources/ffxb2"},{"predicate":{"custom_model_data":3297},"model":"modelengine:fdexplosion_resources/ffxb3"},{"predicate":{"custom_model_data":3298},"model":"modelengine:fdexplosion_resources/ffxb4"},{"predicate":{"custom_model_data":3299},"model":"modelengine:fdexplosion_resources/ffxb5"},{"predicate":{"custom_model_data":3300},"model":"modelengine:fdexplosion_resources/ffxb6"},{"predicate":{"custom_model_data":3301},"model":"modelengine:fdexplosion_resources/ffxb7"},{"predicate":{"custom_model_data":3302},"model":"modelengine:fdexplosion_resources/ffxb8"},{"predicate":{"custom_model_data":3303},"model":"modelengine:fdexplosion_resources/ffxb9"},{"predicate":{"custom_model_data":3304},"model":"modelengine:fdexplosion_resources/ffxb10"},{"predicate":{"custom_model_data":3305},"model":"modelengine:fdexplosion_resources/ffxb11"},{"predicate":{"custom_model_data":3306},"model":"modelengine:fdexplosion_resources/ffxb12"},{"predicate":{"custom_model_data":3307},"model":"modelengine:fdexplosion_resources/ffxb13"},{"predicate":{"custom_model_data":3308},"model":"modelengine:fdexplosion_resources/ffxb14"},{"predicate":{"custom_model_data":3309},"model":"modelengine:fdexplosion_resources/ffxb15"},{"predicate":{"custom_model_data":3310},"model":"modelengine:fdexplosion_resources/ffxb16"},{"predicate":{"custom_model_data":3311},"model":"modelengine:fdexplosion_resources/ffxc1"},{"predicate":{"custom_model_data":3312},"model":"modelengine:fdexplosion_resources/ffxc2"},{"predicate":{"custom_model_data":3313},"model":"modelengine:fdexplosion_resources/ffxc3"},{"predicate":{"custom_model_data":3314},"model":"modelengine:fdexplosion_resources/ffxc4"},{"predicate":{"custom_model_data":3315},"model":"modelengine:fdexplosion_resources/ffxc5"},{"predicate":{"custom_model_data":3316},"model":"modelengine:fdexplosion_resources/ffxc6"},{"predicate":{"custom_model_data":3317},"model":"modelengine:fdexplosion_resources/ffxc7"},{"predicate":{"custom_model_data":3318},"model":"modelengine:fdexplosion_resources/ffxc8"},{"predicate":{"custom_model_data":3319},"model":"modelengine:fdexplosion_resources/ffxc9"},{"predicate":{"custom_model_data":3320},"model":"modelengine:fdexplosion_resources/ffxc10"},{"predicate":{"custom_model_data":3321},"model":"modelengine:fdexplosion_resources/ffxc11"},{"predicate":{"custom_model_data":3322},"model":"modelengine:fdexplosion_resources/ffxc12"},{"predicate":{"custom_model_data":3323},"model":"modelengine:fdexplosion_resources/ffxc13"},{"predicate":{"custom_model_data":3324},"model":"modelengine:fdexplosion_resources/ffxc14"},{"predicate":{"custom_model_data":3325},"model":"modelengine:fdexplosion_resources/ffxc15"},{"predicate":{"custom_model_data":3326},"model":"modelengine:fdexplosion_resources/ffxc16"},{"predicate":{"custom_model_data":3327},"model":"modelengine:fdexplosion_resources/ffxc17"},{"predicate":{"custom_model_data":3328},"model":"modelengine:fdexplosion_resources/firewavea1"},{"predicate":{"custom_model_data":3329},"model":"modelengine:fdexplosion_resources/firewavea2"},{"predicate":{"custom_model_data":3330},"model":"modelengine:fdexplosion_resources/firewavea3"},{"predicate":{"custom_model_data":3331},"model":"modelengine:fdexplosion_resources/firewavea4"},{"predicate":{"custom_model_data":3332},"model":"modelengine:fdexplosion_resources/firewavea5"},{"predicate":{"custom_model_data":3333},"model":"modelengine:fdexplosion_resources/firewavea6"},{"predicate":{"custom_model_data":3334},"model":"modelengine:fdexplosion_resources/firewavea7"},{"predicate":{"custom_model_data":3335},"model":"modelengine:fdexplosion_resources/firewavea8"},{"predicate":{"custom_model_data":3336},"model":"modelengine:fdexplosion_resources/firewavea9"},{"predicate":{"custom_model_data":3337},"model":"modelengine:fdexplosion_resources/firewavea10"},{"predicate":{"custom_model_data":3338},"model":"modelengine:fdexplosion_resources/firewavea11"},{"predicate":{"custom_model_data":3339},"model":"modelengine:fdexplosion_resources/firewavea12"},{"predicate":{"custom_model_data":3340},"model":"modelengine:fdexplosion_resources/firewavea13"},{"predicate":{"custom_model_data":3341},"model":"modelengine:fdexplosion_resources/firewaveb1"},{"predicate":{"custom_model_data":3342},"model":"modelengine:fdexplosion_resources/firewaveb2"},{"predicate":{"custom_model_data":3343},"model":"modelengine:fdexplosion_resources/firewaveb3"},{"predicate":{"custom_model_data":3344},"model":"modelengine:fdexplosion_resources/firewaveb4"},{"predicate":{"custom_model_data":3345},"model":"modelengine:fdexplosion_resources/firewaveb5"},{"predicate":{"custom_model_data":3346},"model":"modelengine:fdexplosion_resources/firewaveb6"},{"predicate":{"custom_model_data":3347},"model":"modelengine:fdexplosion_resources/firewaveb7"},{"predicate":{"custom_model_data":3348},"model":"modelengine:fdexplosion_resources/firewaveb8"},{"predicate":{"custom_model_data":3349},"model":"modelengine:fdexplosion_resources/firewaveb9"},{"predicate":{"custom_model_data":3350},"model":"modelengine:fdexplosion_resources/firewaveb10"},{"predicate":{"custom_model_data":3351},"model":"modelengine:fdexplosion_resources/firewaveb11"},{"predicate":{"custom_model_data":3352},"model":"modelengine:fdexplosion_resources/firewaveb12"},{"predicate":{"custom_model_data":3353},"model":"modelengine:fdexplosion_resources/firewaveb13"},{"predicate":{"custom_model_data":3354},"model":"modelengine:fhero_fireexplosion/frame1"},{"predicate":{"custom_model_data":3355},"model":"modelengine:fhero_fireffects/fb1"},{"predicate":{"custom_model_data":3356},"model":"modelengine:fhero_shockwave/frame1"},{"predicate":{"custom_model_data":3357},"model":"modelengine:fhero_shockwave2/frame1"},{"predicate":{"custom_model_data":3358},"model":"modelengine:fhero_supershockwave/rswa_1"},{"predicate":{"custom_model_data":3359},"model":"modelengine:fhero_supershockwave/rswa_2"},{"predicate":{"custom_model_data":3360},"model":"modelengine:fhero_supershockwave/rswa_3"},{"predicate":{"custom_model_data":3361},"model":"modelengine:fhero_supershockwave/rswa_4"},{"predicate":{"custom_model_data":3362},"model":"modelengine:fhero_supershockwave_vert/rswa_1"},{"predicate":{"custom_model_data":3363},"model":"modelengine:fhero_supershockwave_vert/rswa_2"},{"predicate":{"custom_model_data":3364},"model":"modelengine:fhero_supershockwave_vert/rswa_3"},{"predicate":{"custom_model_data":3365},"model":"modelengine:fhero_supershockwave_vert/rswa_4"},{"predicate":{"custom_model_data":3366},"model":"modelengine:ravage_effectus_xd/ravage1"},{"predicate":{"custom_model_data":3367},"model":"modelengine:ravager_fireblade2/fb1"},{"predicate":{"custom_model_data":4000},"model":"modelengine:defendrestatue/core2"},{"predicate":{"custom_model_data":4001},"model":"modelengine:defendrestatue/head"},{"predicate":{"custom_model_data":4002},"model":"modelengine:defendrestatue/right_arm2"},{"predicate":{"custom_model_data":4003},"model":"modelengine:defendrestatue/right_forearm2"},{"predicate":{"custom_model_data":4004},"model":"modelengine:defendrestatue/hand2"},{"predicate":{"custom_model_data":4005},"model":"modelengine:defendrestatue/svorden"},{"predicate":{"custom_model_data":4006},"model":"modelengine:defendrestatue/left_arm2"},{"predicate":{"custom_model_data":4007},"model":"modelengine:defendrestatue/left_forearm2"},{"predicate":{"custom_model_data":4008},"model":"modelengine:defendrestatue/shield"},{"predicate":{"custom_model_data":4009},"model":"modelengine:defendrestatue/shieldennfx"},{"predicate":{"custom_model_data":4010},"model":"modelengine:defendrestatue/breastplate"},{"predicate":{"custom_model_data":4011},"model":"modelengine:fallendefendress/right_leg"},{"predicate":{"custom_model_data":4012},"model":"modelengine:fallendefendress/right_shin"},{"predicate":{"custom_model_data":4013},"model":"modelengine:fallendefendress/right_foot"},{"predicate":{"custom_model_data":4014},"model":"modelengine:fallendefendress/left_leg"},{"predicate":{"custom_model_data":4015},"model":"modelengine:fallendefendress/left_shin"},{"predicate":{"custom_model_data":4016},"model":"modelengine:fallendefendress/left_foot"},{"predicate":{"custom_model_data":4017},"model":"modelengine:fallendefendress/hip"},{"predicate":{"custom_model_data":4018},"model":"modelengine:fallendefendress/breastplate"},{"predicate":{"custom_model_data":4019},"model":"modelengine:fallendefendress/chest"},{"predicate":{"custom_model_data":4020},"model":"modelengine:fallendefendress/left_arm"},{"predicate":{"custom_model_data":4021},"model":"modelengine:fallendefendress/left_forearm"},{"predicate":{"custom_model_data":4022},"model":"modelengine:fallendefendress/shield"},{"predicate":{"custom_model_data":4023},"model":"modelengine:fallendefendress/shieldennfx"},{"predicate":{"custom_model_data":4024},"model":"modelengine:fallendefendress/sndpfx1"},{"predicate":{"custom_model_data":4025},"model":"modelengine:fallendefendress/sndpfx2"},{"predicate":{"custom_model_data":4026},"model":"modelengine:fallendefendress/sndpfx3"},{"predicate":{"custom_model_data":4027},"model":"modelengine:fallendefendress/sndpfx4"},{"predicate":{"custom_model_data":4028},"model":"modelengine:fallendefendress/sndpfx5"},{"predicate":{"custom_model_data":4029},"model":"modelengine:fallendefendress/sndpfx6"},{"predicate":{"custom_model_data":4030},"model":"modelengine:fallendefendress/sndpfx7"},{"predicate":{"custom_model_data":4031},"model":"modelengine:fallendefendress/sndpfx8"},{"predicate":{"custom_model_data":4032},"model":"modelengine:fallendefendress/sndpfx9"},{"predicate":{"custom_model_data":4033},"model":"modelengine:fallendefendress/sndpfx10"},{"predicate":{"custom_model_data":4034},"model":"modelengine:fallendefendress/sndpfx11"},{"predicate":{"custom_model_data":4035},"model":"modelengine:fallendefendress/sndpfx12"},{"predicate":{"custom_model_data":4036},"model":"modelengine:fallendefendress/sndpfx13"},{"predicate":{"custom_model_data":4037},"model":"modelengine:fallendefendress/sndpfx14"},{"predicate":{"custom_model_data":4038},"model":"modelengine:fallendefendress/sndpfx15"},{"predicate":{"custom_model_data":4039},"model":"modelengine:fallendefendress/sndpfx16"},{"predicate":{"custom_model_data":4040},"model":"modelengine:fallendefendress/shield2"},{"predicate":{"custom_model_data":4041},"model":"modelengine:fallendefendress/right_arm"},{"predicate":{"custom_model_data":4042},"model":"modelengine:fallendefendress/right_forearm"},{"predicate":{"custom_model_data":4043},"model":"modelengine:fallendefendress/hand"},{"predicate":{"custom_model_data":4044},"model":"modelengine:fallendefendress/lame"},{"predicate":{"custom_model_data":4045},"model":"modelengine:fallendefendress/sfe_frame0"},{"predicate":{"custom_model_data":4046},"model":"modelengine:fallendefendress/sfe_frame1"},{"predicate":{"custom_model_data":4047},"model":"modelengine:fallendefendress/sfe_frame2"},{"predicate":{"custom_model_data":4048},"model":"modelengine:fallendefendress/sfe_frame3"},{"predicate":{"custom_model_data":4049},"model":"modelengine:fallendefendress/sfe_frame4"},{"predicate":{"custom_model_data":4050},"model":"modelengine:fallendefendress/sfe_frame5"},{"predicate":{"custom_model_data":4051},"model":"modelengine:fallendefendress/sfe_frame6"},{"predicate":{"custom_model_data":4052},"model":"modelengine:fallendefendress/sfe_frame7"},{"predicate":{"custom_model_data":4053},"model":"modelengine:fallendefendress/sfe_frame8"},{"predicate":{"custom_model_data":4054},"model":"modelengine:fallendefendress/sfe_frame9"},{"predicate":{"custom_model_data":4055},"model":"modelengine:fallendefendress/sfe_frame10"},{"predicate":{"custom_model_data":4056},"model":"modelengine:fallendefendress/sfe_frame11"},{"predicate":{"custom_model_data":4057},"model":"modelengine:fallendefendress/sfe_frame12"},{"predicate":{"custom_model_data":4058},"model":"modelengine:fallendefendress/sfe_frame13"},{"predicate":{"custom_model_data":4059},"model":"modelengine:fallendefendress/sfe_frame14"},{"predicate":{"custom_model_data":4060},"model":"modelengine:fallendefendress/sfe_frame15"},{"predicate":{"custom_model_data":4061},"model":"modelengine:fallendefendress/sfe_frame16"},{"predicate":{"custom_model_data":4062},"model":"modelengine:fallendefendress/sfe_frame17"},{"predicate":{"custom_model_data":4063},"model":"modelengine:fallendefendress/sfe_frame18"},{"predicate":{"custom_model_data":4064},"model":"modelengine:fallendefendress/svorden"},{"predicate":{"custom_model_data":4065},"model":"modelengine:fallendefendress/head"},{"predicate":{"custom_model_data":4066},"model":"modelengine:fallendefendress/fravager_chipcitums"},{"predicate":{"custom_model_data":4067},"model":"modelengine:fallendefendress2/right_leg"},{"predicate":{"custom_model_data":4068},"model":"modelengine:fallendefendress2/right_shin"},{"predicate":{"custom_model_data":4069},"model":"modelengine:fallendefendress2/right_foot"},{"predicate":{"custom_model_data":4070},"model":"modelengine:fallendefendress2/left_leg"},{"predicate":{"custom_model_data":4071},"model":"modelengine:fallendefendress2/left_shin"},{"predicate":{"custom_model_data":4072},"model":"modelengine:fallendefendress2/left_foot"},{"predicate":{"custom_model_data":4073},"model":"modelengine:fallendefendress2/hip"},{"predicate":{"custom_model_data":4074},"model":"modelengine:fallendefendress2/breastplate"},{"predicate":{"custom_model_data":4075},"model":"modelengine:fallendefendress2/chest"},{"predicate":{"custom_model_data":4076},"model":"modelengine:fallendefendress2/left_arm"},{"predicate":{"custom_model_data":4077},"model":"modelengine:fallendefendress2/left_forearm"},{"predicate":{"custom_model_data":4078},"model":"modelengine:fallendefendress2/shield"},{"predicate":{"custom_model_data":4079},"model":"modelengine:fallendefendress2/shieldennfx"},{"predicate":{"custom_model_data":4080},"model":"modelengine:fallendefendress2/right_arm"},{"predicate":{"custom_model_data":4081},"model":"modelengine:fallendefendress2/right_forearm"},{"predicate":{"custom_model_data":4082},"model":"modelengine:fallendefendress2/hand"},{"predicate":{"custom_model_data":4083},"model":"modelengine:fallendefendress2/svorden"},{"predicate":{"custom_model_data":4084},"model":"modelengine:fallendefendress2/head"},{"predicate":{"custom_model_data":4085},"model":"modelengine:fallendefendress2/fravager_chipcitums"},{"predicate":{"custom_model_data":4086},"model":"modelengine:fallendefendress3/right_leg"},{"predicate":{"custom_model_data":4087},"model":"modelengine:fallendefendress3/left_leg"},{"predicate":{"custom_model_data":4088},"model":"modelengine:fallendefendress3/right_shin"},{"predicate":{"custom_model_data":4089},"model":"modelengine:fallendefendress3/right_foot"},{"predicate":{"custom_model_data":4090},"model":"modelengine:fallendefendress3/hip"},{"predicate":{"custom_model_data":4091},"model":"modelengine:fallendefendress3/chest"},{"predicate":{"custom_model_data":4092},"model":"modelengine:fallendefendress3/right_arm"},{"predicate":{"custom_model_data":4093},"model":"modelengine:fallendefendress3/left_arm"},{"predicate":{"custom_model_data":4094},"model":"modelengine:fallendefendress3/breastplate"},{"predicate":{"custom_model_data":4095},"model":"modelengine:fallendefendress3/left_shin"},{"predicate":{"custom_model_data":4096},"model":"modelengine:fallendefendress3/left_foot"},{"predicate":{"custom_model_data":4097},"model":"modelengine:fallendefendress3/shield"},{"predicate":{"custom_model_data":4098},"model":"modelengine:fallendefendress3/left_forearm"},{"predicate":{"custom_model_data":4099},"model":"modelengine:fallendefendress3/head"},{"predicate":{"custom_model_data":4100},"model":"modelengine:fallendefendress3/right_forearm"},{"predicate":{"custom_model_data":4101},"model":"modelengine:fallendefendress3/hand"},{"predicate":{"custom_model_data":4102},"model":"modelengine:fallendefendress3/svorden"}]}