{"parent":"minecraft:item/generated","textures":{"layer0":"minecraft:item/paper"},"overrides":[{"predicate":{"custom_model_data":3},"model":"hyronic_sur:ia_auto_gen/customitem2"},{"predicate":{"custom_model_data":5},"model":"hyronic_sur:ia_auto_gen/customitem4"},{"predicate":{"custom_model_data":6},"model":"hyronic_sur:ia_auto_gen/customitem5"},{"predicate":{"custom_model_data":10},"model":"hyronic_sur:ia_auto_gen/customitem9"},{"predicate":{"custom_model_data":11},"model":"hyronic_sur:ia_auto_gen/customitem10"},{"predicate":{"custom_model_data":12},"model":"hyronic_sur:ia_auto_gen/customitem11"},{"predicate":{"custom_model_data":13},"model":"hyronic_sur:ia_auto_gen/customitem12"},{"predicate":{"custom_model_data":14},"model":"hyronic_sur:ia_auto_gen/customitem13"},{"predicate":{"custom_model_data":15},"model":"hyronic_sur:ia_auto_gen/customitem14"},{"predicate":{"custom_model_data":19},"model":"hyronic_sur:ia_auto_gen/customitem18"},{"predicate":{"custom_model_data":20},"model":"hyronic_sur:ia_auto_gen/customitem19"},{"predicate":{"custom_model_data":21},"model":"hyronic_sur:ia_auto_gen/customitem20"},{"predicate":{"custom_model_data":24},"model":"hyronic_sur:ia_auto_gen/customitem22"},{"predicate":{"custom_model_data":25},"model":"hyronic_sur:ia_auto_gen/customitem23"},{"predicate":{"custom_model_data":26},"model":"hyronic_sur:ia_auto_gen/customitem24"},{"predicate":{"custom_model_data":27},"model":"hyronic_sur:ia_auto_gen/customitem25"},{"predicate":{"custom_model_data":28},"model":"hyronic_sur:ia_auto_gen/customitem26"},{"predicate":{"custom_model_data":29},"model":"hyronic_sur:ia_auto_gen/customitem27"},{"predicate":{"custom_model_data":32},"model":"hyronic_sur:ia_auto_gen/customitem28"},{"predicate":{"custom_model_data":33},"model":"hyronic_sur:ia_auto_gen/customitem29"},{"predicate":{"custom_model_data":34},"model":"hyronic_sur:ia_auto_gen/customitem30"},{"predicate":{"custom_model_data":39},"model":"hyronic_sur:ia_auto_gen/uranium_debris"},{"predicate":{"custom_model_data":39},"model":"hyronic_sur:ia_auto_gen/customitem34"},{"predicate":{"custom_model_data":40},"model":"hyronic_sur:ia_auto_gen/customitem35"},{"predicate":{"custom_model_data":41},"model":"hyronic_sur:ia_auto_gen/iridium_shard"},{"predicate":{"custom_model_data":41},"model":"hyronic_sur:ia_auto_gen/customitem36"},{"predicate":{"custom_model_data":42},"model":"hyronic_sur:ia_auto_gen/customitem37"},{"predicate":{"custom_model_data":43},"model":"hyronic_sur:ia_auto_gen/customitem38"},{"predicate":{"custom_model_data":44},"model":"hyronic_sur:ia_auto_gen/customitem39"},{"predicate":{"custom_model_data":45},"model":"hyronic_sur:ia_auto_gen/customitem40"},{"predicate":{"custom_model_data":46},"model":"hyronic_sur:ia_auto_gen/customitem41"},{"predicate":{"custom_model_data":47},"model":"hyronic_sur:ia_auto_gen/customitem42"},{"predicate":{"custom_model_data":48},"model":"hyronic_sur:ia_auto_gen/customitem43"},{"predicate":{"custom_model_data":49},"model":"hyronic_sur:ia_auto_gen/customitem44"},{"predicate":{"custom_model_data":50},"model":"hyronic_sur:ia_auto_gen/customitem45"},{"predicate":{"custom_model_data":51},"model":"hyronic_sur:ia_auto_gen/customitem46"},{"predicate":{"custom_model_data":52},"model":"hyronic_sur:ia_auto_gen/customitem47"},{"predicate":{"custom_model_data":53},"model":"hyronic_sur:ia_auto_gen/customitem48"},{"predicate":{"custom_model_data":54},"model":"hyronic_sur:ia_auto_gen/customitem49"},{"predicate":{"custom_model_data":55},"model":"hyronic_sur:ia_auto_gen/customitem50"},{"predicate":{"custom_model_data":56},"model":"hyronic_sur:ia_auto_gen/customitem51"},{"predicate":{"custom_model_data":57},"model":"hyronic_sur:ia_auto_gen/customitem52"},{"predicate":{"custom_model_data":58},"model":"hyronic_sur:ia_auto_gen/customitem53"},{"predicate":{"custom_model_data":59},"model":"hyronic_sur:ia_auto_gen/customitem54"},{"predicate":{"custom_model_data":60},"model":"hyronic_sur:ia_auto_gen/customitem55"},{"predicate":{"custom_model_data":61},"model":"hyronic_sur:ia_auto_gen/customitem56"},{"predicate":{"custom_model_data":62},"model":"hyronic_sur:ia_auto_gen/customitem57"},{"predicate":{"custom_model_data":63},"model":"hyronic_sur:ia_auto_gen/grimoire_of_the_loyal"},{"predicate":{"custom_model_data":64},"model":"hyronic_sur:ia_auto_gen/fish_fillet"},{"predicate":{"custom_model_data":65},"model":"hyronic_sur:ia_auto_gen/moss_fish_fillet"},{"predicate":{"custom_model_data":66},"model":"hyronic_sur:ia_auto_gen/saphire_fish_fillet"},{"predicate":{"custom_model_data":67},"model":"hyronic_sur:ia_auto_gen/golden_fish_fillet"},{"predicate":{"custom_model_data":68},"model":"hyronic_sur:ia_auto_gen/void_fish_fillet"},{"predicate":{"custom_model_data":69},"model":"hyronic_sur:ia_auto_gen/demeter_favour"},{"predicate":{"custom_model_data":70},"model":"hyronic_sur:ia_auto_gen/mythril"},{"predicate":{"custom_model_data":71},"model":"hyronic_sur:ia_auto_gen/orichalcum"},{"predicate":{"custom_model_data":72},"model":"hyronic_sur:ia_auto_gen/titanium"},{"predicate":{"custom_model_data":73},"model":"hyronic_sur:ia_auto_gen/bizzare_fruit"},{"predicate":{"custom_model_data":7548},"model":"cubeshop:ia_auto_gen/air"},{"predicate":{"custom_model_data":10000},"model":"_iainternal:ia_auto_gen/icon_left_blue"},{"predicate":{"custom_model_data":10001},"model":"_iainternal:ia_auto_gen/icon_right_blue"},{"predicate":{"custom_model_data":10002},"model":"_iainternal:ia_auto_gen/icon_search"},{"predicate":{"custom_model_data":10003},"model":"_iainternal:ia_auto_gen/icon_cancel"},{"predicate":{"custom_model_data":10004},"model":"_iainternal:ia_auto_gen/icon_arrow_chest"},{"predicate":{"custom_model_data":10005},"model":"_iainternal:ia_auto_gen/icon_back_orange"},{"predicate":{"custom_model_data":10006},"model":"_iainternal:ia_auto_gen/icon_next_orange"},{"predicate":{"custom_model_data":10007},"model":"item/paper"}]}