{"parent":"minecraft:item/generated","textures":{"layer0":"minecraft:item/salmon"},"overrides":[{"predicate":{"custom_model_data":1},"model":"hyronic_sur:ia_auto_gen/eel"},{"predicate":{"custom_model_data":2},"model":"hyronic_sur:ia_auto_gen/carp"},{"predicate":{"custom_model_data":3},"model":"hyronic_sur:ia_auto_gen/crab"},{"predicate":{"custom_model_data":4},"model":"hyronic_sur:ia_auto_gen/fishes4"},{"predicate":{"custom_model_data":5},"model":"hyronic_sur:ia_auto_gen/fishes5"},{"predicate":{"custom_model_data":6},"model":"hyronic_sur:ia_auto_gen/fishes6"},{"predicate":{"custom_model_data":7},"model":"hyronic_sur:ia_auto_gen/fishes7"},{"predicate":{"custom_model_data":8},"model":"hyronic_sur:ia_auto_gen/fishes8"},{"predicate":{"custom_model_data":9},"model":"hyronic_sur:ia_auto_gen/fishes9"},{"predicate":{"custom_model_data":10},"model":"hyronic_sur:ia_auto_gen/fishes10"},{"predicate":{"custom_model_data":11},"model":"hyronic_sur:ia_auto_gen/fishes11"},{"predicate":{"custom_model_data":12},"model":"hyronic_sur:ia_auto_gen/fishes12"},{"predicate":{"custom_model_data":13},"model":"hyronic_sur:ia_auto_gen/fishes13"},{"predicate":{"custom_model_data":14},"model":"hyronic_sur:ia_auto_gen/fishes14"},{"predicate":{"custom_model_data":15},"model":"hyronic_sur:ia_auto_gen/fishes15"},{"predicate":{"custom_model_data":16},"model":"hyronic_sur:ia_auto_gen/fishes16"},{"predicate":{"custom_model_data":17},"model":"hyronic_sur:ia_auto_gen/fishes17"},{"predicate":{"custom_model_data":18},"model":"hyronic_sur:ia_auto_gen/fishes18"},{"predicate":{"custom_model_data":19},"model":"hyronic_sur:ia_auto_gen/fishes19"},{"predicate":{"custom_model_data":20},"model":"hyronic_sur:ia_auto_gen/fishes20"},{"predicate":{"custom_model_data":21},"model":"hyronic_sur:ia_auto_gen/fishes21"},{"predicate":{"custom_model_data":22},"model":"hyronic_sur:ia_auto_gen/fishes22"},{"predicate":{"custom_model_data":23},"model":"hyronic_sur:ia_auto_gen/fishes23"},{"predicate":{"custom_model_data":24},"model":"hyronic_sur:ia_auto_gen/fishes24"},{"predicate":{"custom_model_data":25},"model":"hyronic_sur:ia_auto_gen/fishes25"},{"predicate":{"custom_model_data":26},"model":"hyronic_sur:ia_auto_gen/fishes26"},{"predicate":{"custom_model_data":27},"model":"hyronic_sur:ia_auto_gen/fishes27"},{"predicate":{"custom_model_data":28},"model":"hyronic_sur:ia_auto_gen/fishes28"},{"predicate":{"custom_model_data":29},"model":"hyronic_sur:ia_auto_gen/fishes29"},{"predicate":{"custom_model_data":30},"model":"hyronic_sur:ia_auto_gen/fishes30"},{"predicate":{"custom_model_data":31},"model":"hyronic_sur:ia_auto_gen/fishes31"},{"predicate":{"custom_model_data":32},"model":"hyronic_sur:ia_auto_gen/fishes32"},{"predicate":{"custom_model_data":33},"model":"hyronic_sur:ia_auto_gen/fishes33"},{"predicate":{"custom_model_data":34},"model":"hyronic_sur:ia_auto_gen/fishes34"},{"predicate":{"custom_model_data":35},"model":"hyronic_sur:ia_auto_gen/fishes35"},{"predicate":{"custom_model_data":36},"model":"hyronic_sur:ia_auto_gen/fishes36"},{"predicate":{"custom_model_data":37},"model":"item/salmon"}]}